BGL10000,DAM10000,BTP10000,BAL10000,BCB10000,BLC10000
72.5,95.0,72.5,85.67,83.0,78.5
71.5,86.75,81.0,86.67,93.0,77.0
83.75,69.75,80.5,79.67,89.0,83.0
84.25,74.75,83.0,76.67,81.5,88.0
93.25,80.5,82.0,91.0,84.5,95.5
76.5,84.75,88.5,84.33,79.0,87.0
83.5,76.25,85.5,83.67,77.5,90.0
84.0,79.25,83.0,76.67,79.5,81.5
86.5,79.75,82.0,74.0,83.5,83.5
88.25,77.25,96.5,78.67,73.5,77.5
76.0,84.0,82.5,82.0,81.0,89.5
79.75,70.0,73.0,81.33,87.5,91.0
71.25,89.0,80.0,73.67,67.5,85.5
85.75,85.5,77.0,71.67,75.0,69.0
79.5,82.25,78.0,77.0,83.0,75.5
72.0,78.75,75.0,74.0,75.0,80.5
83.25,85.5,89.0,92.33,79.0,87.0
88.5,83.0,73.0,75.0,86.0,86.5
72.25,85.25,72.5,85.0,86.5,79.0
84.25,81.25,77.0,79.0,73.0,88.5
78.5,83.75,85.0,80.67,88.5,80.0
77.5,86.75,78.0,81.33,86.5,71.5
79.0,88.5,81.5,87.67,84.5,83.5
77.0,83.5,70.0,79.0,83.0,77.0
78.0,83.75,77.5,72.0,78.0,88.0
77.25,87.25,96.5,83.67,93.0,79.0
68.25,92.25,79.5,81.67,84.0,86.5
87.0,82.25,85.0,88.33,84.5,80.5
86.75,82.0,79.5,82.0,78.5,82.0
72.5,73.5,86.5,75.33,73.0,75.0
80.75,69.75,83.0,87.33,76.0,75.5
92.0,81.5,88.0,83.67,87.0,74.5
89.0,86.0,82.5,84.33,93.5,90.0
72.75,75.25,88.0,78.33,76.5,86.0
84.75,87.0,74.5,78.33,86.5,84.5
83.0,69.5,77.5,81.0,86.0,77.5
81.25,77.0,83.0,81.67,74.5,75.5
77.5,81.75,86.5,75.33,81.5,70.0
86.5,83.25,74.5,88.33,66.0,79.0
78.75,74.75,78.5,85.67,74.5,78.0
79.25,78.75,75.5,83.67,79.0,88.5
88.25,84.5,78.5,82.33,86.5,65.5
85.75,76.75,69.5,75.67,80.5,88.5
83.0,81.5,86.5,73.0,77.5,87.5
80.5,87.25,79.5,76.0,89.0,90.0
73.0,90.5,79.0,77.33,82.5,78.0
91.5,87.5,76.0,86.0,84.5,85.5
81.75,91.5,83.0,80.67,68.0,79.5
89.75,89.5,76.0,71.33,87.5,93.0
71.0,71.5,79.0,80.33,82.5,77.5
78.0,74.0,84.5,82.0,81.0,77.5
79.75,83.75,88.5,86.0,93.5,88.0
82.0,83.5,76.0,88.0,73.0,79.0
85.5,81.25,78.5,76.67,92.5,82.0
86.0,88.25,74.0,86.33,94.5,86.5
70.0,78.5,85.0,83.67,78.0,76.0
87.75,82.25,93.0,73.67,86.5,80.5
77.5,73.25,78.5,85.0,83.0,84.0
92.5,84.0,94.5,79.0,81.0,73.0
73.75,81.75,77.0,78.0,87.0,95.5
77.0,82.0,87.0,75.33,84.5,88.5
75.0,70.0,80.5,81.33,87.5,79.0
81.0,77.75,82.5,81.67,72.0,82.5
89.25,80.5,69.0,91.0,72.5,75.0
92.25,88.0,86.5,82.33,83.0,82.5
88.75,72.5,80.5,79.0,70.5,86.5
80.75,77.25,91.5,95.67,67.0,79.0
77.25,81.25,95.0,83.33,68.5,82.5
83.75,91.25,68.0,84.67,87.0,94.0
80.0,79.75,88.0,82.0,68.0,82.5
73.0,87.0,76.0,77.33,92.0,73.5
80.25,87.25,83.5,86.67,85.0,83.0
77.5,78.5,81.0,79.67,79.5,70.5
81.5,74.25,87.0,84.67,81.0,76.5
95.0,73.25,81.0,78.33,79.0,79.5
82.25,78.75,78.5,83.0,90.5,89.0
91.25,88.75,92.0,90.67,75.0,89.0
85.25,79.5,90.0,80.33,87.0,83.5
87.75,76.25,72.5,81.67,70.5,84.5
81.75,80.25,72.0,84.33,84.5,69.0
80.5,83.5,91.5,81.0,92.5,76.5
77.25,81.25,83.0,88.67,68.0,74.5
89.0,92.5,75.0,88.67,95.5,73.5
84.75,84.75,78.0,82.33,85.5,87.0
73.0,77.0,76.0,90.0,73.5,69.0
92.0,83.0,70.5,82.67,87.0,97.0
88.0,86.25,76.0,87.33,89.5,86.5
79.0,75.25,68.0,87.67,90.5,76.5
73.25,74.25,86.0,78.0,78.0,87.5
80.75,83.25,86.5,86.33,83.0,85.0
77.5,94.5,73.0,86.33,82.5,83.5
74.0,86.25,98.0,86.67,77.5,80.0
82.25,80.25,70.5,69.0,85.5,82.5
89.75,85.25,88.0,75.67,70.0,83.5
81.75,81.75,90.5,75.67,86.0,78.5
72.25,70.25,89.5,83.0,70.0,84.5
80.5,85.5,86.0,76.67,76.5,84.5
74.25,85.0,85.0,84.0,74.0,71.5
75.75,83.75,87.5,81.33,77.0,85.0
81.5,80.25,84.0,84.67,75.5,88.0
79.5,78.0,75.5,78.67,82.0,70.5
81.75,77.5,82.5,80.67,91.5,77.0
88.25,89.5,78.0,73.67,67.5,71.0
72.5,88.0,73.0,86.33,74.0,84.0
82.25,71.5,79.0,81.0,69.0,80.0
80.5,79.75,74.0,92.0,92.0,84.5
77.25,76.25,89.5,79.0,87.5,79.0
88.25,87.75,91.0,83.33,77.5,81.0
82.75,83.0,70.0,86.0,82.0,74.0
81.0,74.0,65.5,93.0,79.5,82.5
78.5,80.25,74.5,83.33,85.5,77.0
86.0,94.0,82.5,80.67,84.0,79.0
83.75,85.5,81.5,84.67,82.5,80.0
75.25,92.25,73.5,81.0,80.5,86.0
72.0,77.0,78.5,88.0,70.0,83.5
69.25,87.0,92.5,73.0,77.5,85.0
73.5,77.25,93.5,73.0,87.0,74.5
84.0,73.25,73.5,80.0,73.0,82.0
87.5,87.0,80.0,85.33,93.5,92.0
81.25,91.75,78.5,82.33,82.0,85.0
90.0,79.5,94.5,76.0,79.0,87.5
86.5,79.75,87.5,85.33,84.0,73.5
85.25,77.0,72.0,83.67,77.0,83.5
76.75,94.0,90.5,71.33,66.0,71.5
86.0,93.0,77.0,91.33,81.5,72.0
85.0,77.25,85.5,83.67,75.5,74.0
78.0,87.75,96.0,73.0,82.0,77.5
72.25,84.25,78.5,70.33,94.5,82.5
87.25,78.0,70.0,78.0,67.0,79.5
76.25,87.0,78.5,77.33,88.0,72.0
74.0,83.5,85.5,73.0,87.0,76.5
86.0,69.25,85.5,86.67,73.0,89.5
74.0,95.0,92.0,80.33,85.5,86.5
74.5,80.5,81.5,75.0,76.5,89.5
78.25,77.75,73.0,79.67,69.5,85.5
71.25,81.0,84.5,91.0,80.5,83.0
88.75,86.75,75.5,83.0,87.0,76.5
72.0,79.0,79.0,83.67,77.5,78.5
85.5,85.0,69.5,85.67,82.5,81.5
89.5,83.5,72.0,89.0,87.0,75.5
78.25,81.25,72.5,89.33,68.5,95.5
73.5,91.25,87.0,78.33,79.5,88.0
74.0,79.25,81.0,71.33,77.0,85.0
86.75,83.0,82.5,83.33,87.0,80.5
90.5,89.25,80.0,75.33,75.5,81.5
82.5,83.75,82.5,87.33,79.0,74.0
79.5,97.0,77.5,70.33,73.5,89.0
68.5,83.0,77.0,85.33,81.0,83.0
85.25,81.0,83.5,87.33,72.0,82.0
81.0,85.25,78.5,79.67,89.0,66.0
79.25,80.25,68.0,81.33,79.5,82.5
77.0,76.75,81.0,77.0,88.0,68.0
79.5,79.5,89.5,74.0,87.5,91.5
77.25,95.75,87.5,85.67,89.5,81.5
76.25,78.5,80.0,87.33,73.5,77.5
76.25,79.25,91.0,90.0,70.0,82.5
77.0,76.25,88.0,82.67,77.5,74.0
80.5,76.5,81.5,75.0,66.5,75.5
86.0,84.25,80.0,78.0,80.5,89.5
80.75,89.0,82.5,78.0,78.5,84.0
89.0,77.25,82.0,87.0,88.0,88.5
86.5,70.25,91.0,69.67,81.5,82.5
81.0,79.0,81.5,85.0,82.0,79.0
80.25,85.25,90.5,82.33,90.5,79.5
79.5,94.5,77.5,79.0,75.0,88.5
81.25,87.25,72.0,88.0,83.0,89.5
80.25,80.25,85.0,85.0,73.0,77.0
79.5,87.25,87.0,86.0,73.5,72.0
87.0,92.75,84.0,87.33,79.0,93.0
93.75,79.25,74.0,81.0,79.0,79.5
80.0,79.0,84.0,69.67,81.5,85.5
85.25,81.25,84.0,88.0,84.0,79.0
90.75,90.75,85.0,91.33,83.5,90.5
90.0,79.25,87.5,76.67,73.5,67.5
90.0,84.5,76.0,88.67,79.0,82.5
91.75,89.5,83.5,86.33,68.5,72.5
70.75,81.0,85.5,72.67,78.5,75.5
92.75,80.0,78.0,80.0,73.5,97.5
76.25,75.5,70.0,75.0,84.0,81.0
88.25,80.75,77.0,75.0,92.0,82.5
79.75,86.75,90.0,80.67,83.5,75.0
81.25,81.5,86.0,76.67,96.5,89.0
90.0,78.25,79.0,79.33,84.5,71.5
90.5,90.0,76.0,84.0,92.0,87.5
80.0,88.0,73.5,78.67,70.0,87.0
75.25,86.5,86.5,87.67,72.5,68.5
74.25,84.5,71.0,82.33,80.0,86.5
92.25,75.25,86.0,73.0,78.0,80.0
82.5,73.75,95.0,76.67,90.5,89.5
78.5,76.5,76.0,96.0,87.5,73.0
87.75,88.0,84.0,82.33,78.0,77.5
90.25,74.25,72.5,85.33,80.0,96.5
74.5,92.25,93.5,75.33,76.5,74.0
89.75,85.0,76.0,71.67,75.0,86.5
89.5,84.0,95.5,83.0,78.5,86.0
90.75,78.25,82.5,81.67,71.0,76.5
80.75,74.25,77.0,81.33,73.5,78.0
81.75,67.75,83.5,87.33,70.0,78.5
76.25,82.75,79.5,82.0,85.0,88.0
91.0,68.5,68.0,74.33,74.5,93.5
78.25,86.0,77.0,90.67,82.0,90.0
70.75,90.25,86.5,72.67,79.0,79.0
90.0,88.25,66.5,83.33,82.5,71.0
69.25,80.25,82.5,78.0,73.0,77.0
80.5,74.0,91.5,79.0,84.5,74.5
85.25,72.75,69.5,77.67,75.5,86.5
90.5,78.5,95.5,80.67,84.5,76.5
73.75,95.5,79.5,86.67,71.5,86.0
75.75,84.25,84.5,74.67,66.5,71.5
82.0,85.5,78.0,79.0,76.0,77.5
87.25,83.75,78.0,78.33,84.0,75.0
87.75,81.0,85.0,90.33,84.0,78.0
81.0,89.0,90.5,84.67,76.5,73.5
81.5,84.0,79.5,80.33,83.0,81.5
81.5,76.25,74.0,83.33,72.0,81.0
81.5,84.5,69.5,89.33,78.0,72.0
74.75,80.0,91.0,79.67,67.0,87.5
90.0,77.75,78.5,83.33,86.0,67.0
84.25,93.5,65.5,74.33,77.0,87.0
82.0,92.0,80.5,84.67,89.0,71.5
73.5,74.5,88.0,84.33,82.0,74.5
72.75,69.0,71.5,82.33,78.5,82.0
74.5,72.5,86.0,78.67,70.5,72.5
88.5,77.5,92.0,80.33,74.0,72.0
80.25,88.25,80.5,79.0,75.0,83.0
74.5,85.0,90.0,74.67,82.5,73.5
84.5,93.25,94.0,84.33,75.0,91.5
84.0,74.0,82.0,79.33,85.5,82.5
81.0,95.0,73.0,82.0,73.5,92.5
80.25,90.0,82.0,74.67,88.0,85.0
77.75,69.5,82.0,79.33,80.0,74.5
71.25,86.75,82.5,85.33,93.5,95.0
75.25,76.25,76.5,77.0,76.5,91.5
74.5,83.25,89.0,82.33,96.5,88.0
69.75,85.0,70.5,80.67,90.0,90.0
80.75,93.0,80.5,83.67,68.5,79.5
71.5,78.0,90.5,72.33,69.0,78.0
71.75,73.75,70.5,81.0,87.5,77.0
84.25,85.75,81.5,78.67,85.0,93.0
76.75,82.0,87.5,81.67,74.5,77.0
91.0,93.25,82.5,79.33,87.0,72.5
84.0,83.0,74.0,83.67,87.5,81.0
83.0,76.75,75.5,75.67,76.5,87.5
75.0,83.25,87.5,72.67,97.5,79.0
83.75,73.25,81.5,76.67,80.0,87.0
78.25,88.75,75.5,69.0,85.5,69.5
72.5,83.0,87.0,87.67,79.5,84.5
86.25,73.75,73.0,75.33,83.0,81.0
81.5,90.75,94.5,81.33,76.0,73.5
76.75,89.25,76.0,86.67,95.5,71.5
73.5,80.5,80.5,82.0,82.0,79.5
77.5,92.5,78.0,87.67,87.0,76.0
89.0,78.75,88.5,81.33,79.5,79.5
83.75,72.75,92.0,86.0,81.0,81.5
73.25,92.0,94.5,79.33,84.5,79.5
81.5,72.0,77.0,90.67,80.5,83.5
77.5,85.0,73.5,81.67,91.5,85.5
82.0,91.75,74.5,73.0,89.5,73.5
85.25,90.25,85.0,80.67,82.0,97.5
94.5,86.5,92.0,77.0,76.5,80.5
72.25,80.0,89.5,78.0,83.0,80.0
74.0,84.0,79.5,76.33,83.5,82.0
90.5,74.25,80.0,91.33,88.5,82.5
82.25,84.75,90.5,74.67,88.0,88.5
89.25,87.75,80.5,72.33,82.0,77.0
74.75,80.0,88.5,78.0,85.5,81.0
76.0,76.75,97.5,80.0,91.5,83.0
72.75,79.5,97.0,68.67,79.5,89.0
83.0,75.0,85.0,81.67,79.5,68.5
71.5,85.75,83.5,83.33,89.5,96.0
77.5,82.0,87.5,84.0,68.0,68.0
83.5,96.0,78.0,82.67,83.5,75.5
87.5,74.5,81.5,78.33,74.5,78.5
85.25,84.5,90.5,85.33,81.0,94.5
79.0,78.75,71.5,82.33,90.0,75.0
87.0,78.5,87.0,74.0,65.5,92.0
92.75,90.75,79.5,82.67,86.5,76.5
93.25,78.0,82.5,82.67,89.5,89.5
73.0,85.0,75.5,83.0,88.0,90.5
90.25,84.0,84.5,80.67,86.0,81.5
78.0,79.75,83.0,84.0,77.0,84.0
69.0,74.5,85.5,85.67,76.5,75.0
80.0,89.25,80.5,86.67,71.5,69.5
82.5,71.0,67.5,93.33,83.5,85.0
78.75,81.75,82.5,81.67,79.5,79.0
76.25,81.75,76.5,86.33,88.0,68.5
82.75,83.75,81.0,84.0,92.5,85.5
90.75,91.75,93.5,76.67,86.5,85.0
79.75,75.0,71.5,74.33,78.0,90.0
83.0,74.25,87.0,74.0,93.0,89.0
78.0,71.5,95.5,83.33,83.0,93.5
93.75,82.0,87.5,85.67,90.5,84.0
89.5,76.5,80.5,74.0,80.0,83.5
69.0,73.5,79.0,94.0,85.5,71.0
87.25,86.75,82.5,84.0,91.5,79.0
73.5,83.75,81.0,89.33,83.0,85.5
74.5,80.25,81.0,79.67,75.0,71.0
74.5,80.75,83.0,87.67,67.0,72.5
82.25,76.75,92.5,84.0,93.5,86.0
80.25,70.0,82.0,86.33,75.5,84.5
70.0,84.75,71.5,75.0,65.5,80.0
71.0,86.0,71.0,88.0,86.0,84.5
84.25,84.0,81.5,82.67,75.5,94.0
93.0,77.0,77.5,81.33,72.5,80.5
75.0,71.25,81.5,86.33,82.0,86.5
78.5,77.25,90.0,79.67,83.0,84.5
88.75,91.25,91.0,72.0,75.0,91.5
70.5,88.75,87.0,90.67,82.5,81.0
80.5,84.5,91.0,76.67,85.0,77.5
83.75,90.25,82.5,81.67,73.5,76.0
77.5,88.0,75.5,77.0,83.0,84.5
90.0,86.0,76.5,85.67,79.5,74.5
72.0,84.0,80.0,81.33,84.0,84.0
89.0,78.0,74.5,82.0,78.0,84.5
85.0,74.75,81.0,76.33,68.0,87.0
84.75,94.75,73.5,85.33,81.5,73.5
74.25,84.0,79.5,75.0,83.5,94.5
80.5,88.5,79.0,73.67,77.0,83.0
70.0,73.75,85.0,82.33,81.0,91.5
91.75,89.75,79.5,84.0,91.5,81.0
77.5,85.5,66.0,77.33,73.5,86.0
87.5,88.0,75.0,83.67,78.5,77.5
83.0,74.0,77.0,84.33,81.5,66.5
82.0,73.5,85.0,74.67,91.5,85.0
90.25,89.25,94.5,70.33,77.0,85.0
79.5,73.75,69.0,80.67,87.0,90.5
86.75,81.0,89.0,86.33,74.5,86.0
71.5,94.0,81.5,83.0,68.0,66.5
86.5,69.25,76.5,72.0,81.5,90.0
75.25,84.0,83.5,74.0,85.5,87.5
82.0,78.5,91.5,83.0,86.5,82.0
73.0,87.75,79.0,89.0,72.5,85.5
71.75,83.25,75.5,77.33,72.0,83.5
78.5,73.75,81.0,78.0,79.0,85.5
79.75,69.0,81.0,79.33,83.5,79.5
84.0,76.0,72.5,85.67,94.5,94.5
81.5,81.5,84.0,84.67,88.5,83.5
83.75,87.5,88.5,96.67,79.5,84.5
80.75,69.75,67.5,77.0,79.0,82.5
79.0,88.0,75.0,76.33,84.5,85.0
78.5,79.5,84.0,85.33,89.0,84.5
78.0,82.0,82.5,78.33,82.5,84.5
76.0,72.5,86.0,75.33,83.0,76.0
79.75,82.25,84.0,80.0,84.5,89.5
80.25,75.0,76.0,87.0,81.5,71.0
81.0,84.75,84.5,89.67,74.5,75.0
82.5,90.25,71.0,75.0,91.0,84.5
77.75,81.0,79.0,88.33,84.5,78.5
91.25,85.75,84.5,74.67,94.0,74.5
77.25,96.25,77.5,83.0,85.0,73.5
74.25,71.5,88.5,70.0,82.5,84.5
96.75,90.5,79.0,76.0,77.5,74.0
87.0,84.0,84.5,85.0,81.5,86.5
73.75,81.5,82.5,84.67,78.5,88.5
76.0,85.5,71.0,82.0,77.0,79.0
72.5,78.25,85.0,81.0,73.0,78.5
72.5,79.75,77.5,70.67,90.5,78.0
78.0,82.5,93.0,85.0,83.0,90.5
81.0,81.25,93.5,84.0,80.0,80.0
76.5,89.0,73.5,93.33,76.5,74.5
93.5,79.5,80.5,80.33,82.5,67.5
84.25,82.5,78.5,77.0,86.0,96.0
75.5,73.75,80.5,79.0,74.0,86.0
87.25,83.5,90.5,76.33,80.5,86.5
91.0,83.0,83.5,79.67,74.0,88.5
87.0,78.75,79.5,85.0,80.5,80.5
75.5,76.0,82.5,88.67,83.5,83.0
81.5,83.25,68.5,81.0,79.0,68.0
82.0,73.0,96.5,83.0,91.5,92.5
73.75,73.75,81.0,78.33,74.5,86.5
84.5,70.0,89.0,79.67,81.0,83.0
73.5,76.75,82.5,80.0,91.0,87.5
74.75,75.5,78.5,86.0,81.0,88.0
71.5,73.5,81.5,79.67,84.5,65.0
81.75,79.75,88.0,77.0,84.5,91.0
88.0,79.25,77.5,78.33,95.5,76.5
87.75,86.0,71.0,82.0,90.5,82.0
80.5,82.75,84.0,81.0,90.5,75.5
81.0,76.0,81.5,84.0,76.5,89.0
75.5,83.5,83.0,84.33,79.5,83.5
83.5,79.25,72.5,84.67,82.5,87.0
90.0,79.5,74.0,85.0,82.0,78.0
73.5,84.0,76.5,76.67,67.5,84.0
77.5,75.0,87.0,71.0,71.0,83.5
78.75,75.0,88.0,85.0,85.0,87.0
88.25,80.0,93.0,83.0,82.0,89.5
71.25,76.0,97.5,88.33,74.0,78.0
73.5,83.5,72.5,71.67,89.5,79.5
82.0,70.0,84.5,78.0,82.0,94.0
73.5,91.25,80.0,85.0,79.5,77.0
87.5,92.0,81.0,76.0,74.5,82.0
75.5,83.25,84.5,83.33,80.5,77.5
76.0,79.5,73.0,75.67,83.5,91.0
77.5,86.25,88.0,72.67,86.0,82.0
74.0,77.0,98.0,87.33,77.0,82.0
88.25,80.25,78.0,85.67,79.5,79.5
83.25,82.5,83.5,81.67,81.5,83.5
76.75,81.25,82.0,69.33,73.5,81.5
91.0,81.75,72.0,75.0,82.5,90.0
78.75,91.0,87.0,80.67,85.0,85.5
74.75,81.5,78.0,77.33,84.0,83.5
81.75,79.5,82.0,70.33,75.0,77.0
81.5,89.0,77.5,74.33,88.0,85.0
82.75,87.5,78.5,80.0,66.5,82.5
72.25,82.5,83.0,85.33,77.5,67.0
87.75,75.75,80.5,80.0,77.0,81.5
84.0,75.0,81.5,81.0,91.0,83.0
75.0,80.25,79.5,76.33,89.5,89.5
88.5,72.0,84.5,79.0,70.0,73.5
81.25,75.75,89.0,78.33,78.5,78.5
90.75,73.5,78.0,87.0,71.0,71.5
75.0,84.75,79.0,84.33,85.0,77.5
75.0,75.0,95.0,77.0,82.0,89.0
80.75,73.75,77.5,83.33,91.5,80.0
73.75,73.5,68.5,74.0,80.0,83.0
77.0,72.75,73.5,86.33,83.5,83.0
79.5,80.5,86.0,84.33,82.0,72.5
78.5,82.25,80.0,80.33,83.5,76.5
84.0,83.5,79.0,79.33,85.5,83.0
84.5,80.25,85.0,79.33,87.5,92.0
74.0,84.5,87.5,89.0,85.5,84.0
81.0,93.75,75.5,87.33,91.5,73.5
73.25,76.25,71.0,88.67,94.0,75.0
80.0,81.0,93.0,77.67,79.5,80.5
80.25,80.75,80.5,77.33,74.0,76.0
80.75,72.0,77.0,82.67,72.0,80.5
83.5,73.75,73.0,76.33,79.5,69.0
93.75,85.25,76.5,81.0,89.5,87.0
86.75,90.75,91.5,76.33,76.5,74.0
88.0,79.5,77.0,82.33,84.0,85.0
73.5,75.25,72.5,83.0,82.0,77.5
77.5,76.0,84.5,80.67,89.5,73.5
87.5,83.5,80.0,92.0,72.0,71.5
82.5,94.5,78.5,84.33,88.0,82.0
80.25,83.25,78.0,74.0,84.5,84.0
86.5,77.75,77.5,76.0,82.0,79.5
92.0,80.75,85.5,79.67,74.0,86.0
83.75,77.0,77.0,75.33,80.5,89.5
82.75,75.25,76.0,85.0,81.0,88.0
78.25,77.25,86.0,82.67,93.0,87.0
84.0,78.0,86.0,79.0,80.0,83.5
81.0,92.5,82.0,80.67,91.5,82.0
79.0,83.5,80.5,78.33,78.5,74.5
82.0,77.75,75.0,78.67,76.5,72.5
84.25,89.5,74.0,89.67,78.0,88.0
87.25,76.0,80.5,88.67,81.5,80.5
74.5,78.5,89.5,77.33,75.0,75.5
73.5,92.75,73.5,90.67,90.0,73.5
79.0,93.0,85.5,81.0,80.5,94.5
80.0,80.75,79.0,83.67,91.5,80.5
72.25,73.5,90.5,84.0,88.0,85.0
78.5,86.25,77.5,74.33,89.5,84.0
76.25,81.0,67.5,69.33,78.5,87.0
90.75,76.0,85.5,83.33,86.0,85.0
79.25,84.5,77.5,77.33,90.0,84.5
93.25,73.5,81.5,84.67,77.5,82.5
80.25,81.25,80.0,85.67,81.5,84.0
78.75,71.25,79.0,83.67,83.0,90.0
82.0,80.25,69.0,77.0,88.0,79.5
75.25,79.5,71.0,83.0,88.0,73.5
70.25,92.0,83.0,79.33,85.5,78.0
80.0,82.0,97.0,83.67,82.0,94.5
76.75,82.5,71.5,74.0,94.0,80.0
80.25,75.75,77.5,69.67,91.5,86.5
84.0,78.75,68.5,88.67,90.5,74.0
75.75,77.0,84.5,82.0,72.5,85.0
89.75,82.75,82.5,88.33,80.5,92.5
87.5,82.0,77.5,79.33,90.0,88.0
72.75,78.75,96.5,74.0,73.5,92.0
85.75,79.75,71.0,85.0,79.5,80.5
74.25,85.5,74.0,75.67,70.5,81.0
81.0,74.25,80.5,88.0,80.0,86.5
75.25,85.5,74.0,89.0,88.0,92.5
73.75,85.25,77.0,77.0,70.5,84.0
84.25,75.75,79.5,79.33,85.5,86.5
80.5,82.5,81.0,69.67,78.5,86.5
83.5,80.0,83.5,77.33,77.5,81.0
80.75,76.0,80.5,73.0,83.5,77.0
71.5,85.25,80.0,81.33,87.5,81.5
89.75,83.0,80.0,81.67,71.5,71.0
75.25,81.0,67.5,83.67,76.5,81.5
84.0,88.25,80.5,73.67,82.5,72.5
81.5,69.5,80.5,86.0,95.5,68.5
75.25,84.75,86.5,78.0,79.0,73.5
70.75,85.5,76.0,78.0,81.0,69.5
85.0,86.5,68.0,84.0,72.0,76.0
90.0,83.25,77.0,77.0,85.5,77.0
88.75,80.5,81.0,76.67,93.5,77.5
88.0,76.25,71.5,82.33,81.5,79.0
82.5,70.75,79.0,78.0,85.0,80.5
87.25,83.5,87.5,81.0,70.5,67.5
95.0,80.0,81.0,72.33,81.0,78.5
71.0,85.25,81.5,79.33,86.5,76.0
84.0,67.75,71.0,90.33,77.0,86.0
75.25,72.75,78.5,81.0,76.0,81.0
79.5,93.0,83.0,79.0,84.5,95.0
78.75,84.75,89.0,80.33,77.0,80.5
79.75,85.0,88.0,93.33,88.5,82.0
84.0,73.0,74.0,80.67,84.5,71.0
89.25,79.75,79.0,75.33,87.0,83.5
88.0,81.5,83.5,73.67,82.5,74.0
69.0,88.5,80.5,69.33,90.0,87.0
73.25,83.0,92.0,90.33,97.5,93.0
79.25,90.5,82.0,78.33,75.5,78.0
79.0,73.75,93.5,89.0,78.5,86.5
77.5,74.0,83.5,79.67,80.0,85.5
78.5,90.5,88.0,75.0,85.5,78.5
75.25,86.75,90.5,83.67,84.5,84.5
75.5,77.0,83.5,76.67,88.5,88.5
75.5,78.0,77.0,73.0,79.0,90.5
90.25,91.5,83.5,71.0,76.5,82.0
82.25,91.0,78.5,72.67,74.0,90.0
89.0,87.0,84.0,80.0,84.5,81.0
75.25,83.0,81.0,85.33,67.0,96.0
75.75,74.75,80.0,79.0,86.0,87.0
82.0,84.25,89.5,81.0,94.0,68.0
84.5,90.25,82.5,71.0,93.5,78.0
89.25,90.0,88.5,92.0,84.5,79.5
85.5,86.0,89.0,76.0,90.5,80.0
78.25,95.0,90.0,82.33,83.0,77.5
77.25,79.0,77.0,83.67,82.5,75.5
84.75,74.5,93.0,92.33,79.0,77.0
86.5,85.5,78.0,87.0,85.5,78.0
88.5,89.5,92.5,85.67,83.5,83.5
88.25,78.75,79.0,84.67,93.5,85.5
79.75,75.0,80.5,87.67,79.5,92.5
85.5,76.0,82.5,83.0,89.5,74.5
78.25,73.0,77.5,82.33,81.5,80.5
83.25,83.5,89.0,85.0,91.5,85.5
80.5,85.5,67.5,77.33,84.5,87.0
87.75,94.25,82.0,83.33,75.5,70.0
69.75,84.0,68.5,81.33,86.5,70.5
74.25,81.0,81.0,93.33,68.0,72.0
83.0,69.5,79.5,77.0,71.0,84.0
82.0,94.5,81.0,77.67,96.0,78.5
84.5,70.75,77.0,78.67,75.0,92.0
75.0,74.0,73.0,81.0,85.5,74.5
74.25,75.25,81.0,71.33,79.5,69.0
73.75,73.25,85.5,78.33,88.0,68.0
77.75,80.0,84.0,80.67,92.0,85.0
83.75,88.5,81.5,75.0,83.5,76.0
81.5,74.5,86.0,93.67,86.5,90.0
81.0,78.0,77.0,85.33,81.5,88.5
88.5,83.5,75.0,85.33,72.0,78.0
81.0,80.0,75.5,83.0,84.0,92.0
89.75,89.5,93.5,72.0,79.5,72.0
78.75,81.25,95.0,87.0,74.5,77.5
83.75,88.25,82.5,86.33,75.0,77.0
74.25,78.0,86.0,82.33,82.0,77.0
82.75,74.25,76.0,81.0,91.0,77.5
84.75,86.0,86.5,86.0,77.5,87.0
83.5,82.25,78.0,84.67,84.5,72.5
88.75,78.0,83.5,75.0,86.0,86.5
87.5,81.5,85.0,81.67,74.5,78.0
81.5,81.25,82.0,79.0,87.5,86.5
81.5,81.0,81.0,87.0,87.5,84.0
84.25,89.25,79.5,70.0,79.5,97.0
79.25,81.0,80.5,74.33,83.0,69.0
78.75,88.5,87.0,83.0,90.0,86.0
86.75,94.0,76.0,79.0,92.0,79.0
84.75,87.75,84.5,86.0,92.5,89.0
87.0,71.25,84.5,74.33,89.5,94.5
74.0,83.0,78.0,87.67,71.5,65.0
81.25,87.0,90.0,79.67,82.0,82.0
78.5,83.25,89.5,73.0,79.5,76.5
89.5,74.0,86.5,76.67,80.0,82.0
86.5,85.75,88.5,68.67,83.0,78.0
75.75,81.0,91.0,89.0,74.5,77.5
80.25,72.0,76.0,76.33,78.5,72.5
93.25,76.25,89.5,77.33,79.5,79.5
87.5,78.75,93.0,86.0,81.5,89.0
78.5,76.5,75.0,91.0,86.0,87.5
83.0,70.25,84.0,85.67,85.0,93.0
86.75,88.0,72.0,80.67,71.0,82.0
81.75,81.75,85.5,70.33,75.0,83.5
89.0,84.5,78.5,74.33,76.5,69.5
88.0,86.5,76.5,81.0,79.5,82.0
74.25,79.0,75.5,90.33,85.0,67.0
80.75,86.25,84.5,76.33,82.5,76.5
78.5,75.75,81.0,75.33,75.5,69.5
91.0,84.0,85.0,84.67,80.5,78.0
83.0,84.75,89.0,72.67,77.5,81.0
75.75,77.75,88.5,93.67,75.5,72.5
79.5,86.0,92.0,88.0,67.0,85.5
74.5,87.0,83.0,77.67,89.5,83.5
95.0,87.75,87.5,72.0,72.0,90.0
80.25,81.75,83.5,92.0,78.0,83.0
80.5,92.0,93.5,78.0,78.0,77.5
85.75,78.0,80.0,85.0,89.0,88.0
70.5,86.5,90.5,79.0,85.0,81.5
94.75,72.75,79.5,80.0,79.5,94.0
78.0,79.25,82.5,74.0,80.0,92.0
86.5,80.0,91.5,72.33,87.5,83.0
89.0,77.0,76.5,87.0,91.0,77.0
84.5,79.75,77.5,81.33,80.5,67.5
75.25,75.5,72.0,86.0,78.5,89.0
84.5,88.5,78.5,82.0,87.0,84.5
85.5,80.0,94.0,82.0,78.5,81.0
75.25,74.25,80.0,89.33,75.5,88.0
89.75,85.0,86.5,85.33,74.5,69.0
74.75,72.75,97.5,80.33,80.0,76.5
77.25,83.75,77.5,85.67,78.5,84.0
76.5,87.5,89.0,74.33,80.5,85.5
75.0,87.5,77.0,91.0,89.5,71.0
82.0,94.5,69.5,72.33,85.0,86.0
79.75,87.0,79.5,72.33,76.5,90.5
84.5,85.0,83.5,76.67,74.0,95.5
81.5,82.75,79.5,83.67,82.5,79.0
80.0,87.5,69.5,74.33,89.5,84.0
81.75,75.75,77.5,85.33,67.0,75.0
76.25,69.25,84.0,83.0,83.5,78.5
87.5,82.5,90.5,88.67,82.5,73.0
78.5,82.25,80.5,85.0,82.0,81.5
92.0,79.75,82.0,82.67,83.5,75.5
68.0,83.0,76.5,82.0,86.5,82.5
82.0,86.0,77.0,79.33,77.0,85.0
79.5,83.25,71.5,83.0,83.0,90.0
75.0,74.25,83.5,86.67,67.0,73.0
87.0,73.25,84.0,79.33,70.0,82.0
71.75,78.0,71.5,83.33,86.0,79.0
81.25,81.0,83.5,85.0,68.0,72.0
86.0,77.0,85.5,82.0,92.5,68.5
83.25,82.75,88.5,79.33,83.5,82.0
71.0,74.75,68.0,81.33,72.0,87.0
78.0,76.5,78.0,83.33,76.0,81.0
86.5,80.75,70.0,86.33,81.5,74.5
93.25,77.25,81.0,82.33,77.0,82.5
78.0,84.0,77.5,80.0,92.0,70.5
87.75,87.25,81.5,72.67,83.5,82.0
91.75,91.0,88.5,88.0,79.5,74.0
85.75,81.75,76.5,83.0,79.0,89.0
88.75,85.0,68.0,81.33,81.0,87.5
76.5,74.5,91.0,93.33,78.5,78.0
76.25,78.5,87.5,68.67,84.5,72.0
78.5,81.75,88.0,88.67,80.5,75.5
88.0,84.25,85.0,72.67,89.5,71.0
85.25,81.25,75.5,88.0,87.5,72.5
87.5,81.5,78.5,67.33,79.0,87.5
84.25,83.5,77.5,88.33,77.5,89.0
72.0,85.75,69.5,75.0,79.5,87.5
74.75,81.25,70.5,88.67,81.0,78.5
74.75,95.25,75.0,85.33,91.0,76.0
76.75,80.5,86.5,84.67,81.5,82.0
88.0,80.75,87.0,81.33,82.5,84.0
79.75,83.5,71.5,86.67,79.5,73.5
88.0,82.0,93.5,66.33,87.5,73.0
84.75,81.75,80.5,79.33,94.0,79.0
77.25,81.0,80.5,85.0,69.0,96.0
77.75,79.5,91.5,71.0,72.5,87.5
77.25,82.25,81.0,76.33,93.0,78.0
80.5,79.0,93.0,78.67,84.0,88.0
82.5,81.75,88.5,76.33,76.0,71.0
76.75,82.0,71.5,82.67,78.5,80.5
84.5,82.0,73.0,79.67,81.5,83.0
85.75,74.0,71.0,78.33,88.5,83.0
87.5,71.75,84.5,88.67,90.5,76.0
90.25,80.5,71.5,71.0,93.5,83.5
85.5,81.0,83.0,71.33,80.0,68.5
82.0,91.75,89.0,79.33,82.0,78.5
76.5,84.75,88.0,85.0,89.0,91.5
83.5,86.75,81.0,83.0,81.0,78.5
86.5,88.75,92.0,93.33,77.0,88.5
88.0,79.5,78.5,79.67,77.0,85.0
78.5,72.75,96.0,75.67,80.0,75.5
76.0,89.75,90.5,85.0,85.0,86.5
83.5,82.0,87.0,70.0,79.5,75.0
81.5,71.0,86.0,83.67,72.0,73.5
87.0,83.5,84.5,83.0,79.0,81.0
70.75,82.75,83.0,78.33,90.5,77.0
88.5,79.0,80.0,90.33,86.0,97.0
76.0,86.75,95.5,87.0,86.5,95.5
70.5,86.25,78.5,87.33,92.0,81.5
69.25,89.25,82.0,79.33,77.5,81.0
84.25,84.0,76.5,77.33,79.5,86.0
74.0,84.5,76.0,82.33,69.0,74.0
87.75,69.0,82.5,67.67,86.0,92.0
76.25,71.5,84.5,81.0,80.0,86.0
84.0,82.5,90.5,87.67,71.0,77.0
85.75,81.0,72.5,76.33,87.5,91.5
92.0,90.25,82.0,78.33,91.0,75.5
81.75,74.5,72.5,89.67,74.0,83.0
89.5,86.0,86.5,81.0,86.5,77.5
90.25,80.25,83.0,91.67,97.0,74.0
77.0,84.0,76.0,88.67,67.0,79.0
85.75,89.5,91.0,82.0,81.0,87.0
81.5,72.25,89.5,81.0,85.0,77.0
75.25,77.25,92.5,67.0,74.0,67.5
75.0,79.0,73.0,91.0,79.5,84.5
77.25,73.25,70.0,86.0,73.0,76.0
81.25,90.0,80.0,87.67,85.0,74.5
81.0,75.75,71.0,75.33,78.0,72.5
77.5,87.25,87.0,94.33,95.5,89.5
89.0,76.5,92.0,77.33,66.5,86.0
84.5,82.25,91.0,89.33,74.5,97.0
80.75,91.25,84.5,71.33,88.5,80.5
87.5,83.25,90.5,85.33,79.0,87.0
71.75,88.25,90.0,80.0,83.0,75.5
83.75,70.25,81.0,74.33,87.0,67.5
91.25,82.75,83.0,83.67,88.5,83.5
92.25,75.5,83.5,78.67,81.5,70.0
88.25,87.5,77.5,75.67,86.5,73.5
84.75,79.5,81.5,83.0,87.0,80.5
85.25,75.75,84.0,77.33,88.0,78.0
87.75,87.75,94.5,87.0,75.0,87.0
87.0,84.5,83.5,77.33,83.0,85.5
89.5,80.25,84.5,72.0,73.0,81.5
80.25,79.5,74.5,91.67,77.0,89.0
80.75,84.0,76.0,84.67,79.0,75.5
80.75,79.25,86.0,86.33,84.0,73.5
73.0,79.75,67.5,79.33,87.0,79.0
73.0,89.5,86.0,84.33,81.0,79.5
78.25,88.0,71.0,76.33,69.5,87.5
87.5,84.5,73.0,84.0,85.5,92.5
89.25,70.25,90.0,79.0,66.5,77.0
80.5,79.0,75.5,73.67,82.0,83.5
78.25,79.0,94.5,73.0,89.5,89.5
89.0,87.5,80.5,78.67,89.0,85.5
76.25,76.75,76.0,88.33,83.0,89.0
85.25,81.5,79.0,85.33,84.0,93.0
77.5,82.75,72.0,77.33,86.0,85.5
82.75,75.75,84.0,79.0,73.0,83.0
72.25,84.75,79.0,78.67,78.0,70.5
80.0,80.75,71.5,71.67,80.5,84.0
89.25,84.75,80.5,82.0,85.0,69.0
75.75,87.5,80.0,83.33,69.5,95.5
84.75,92.5,79.5,83.67,76.0,92.5
70.75,88.0,87.0,83.33,96.0,83.0
80.75,83.25,79.0,95.0,80.5,85.5
81.5,75.0,84.0,74.0,83.5,79.0
68.5,82.75,83.0,81.33,82.0,85.0
75.0,86.75,85.5,79.0,88.5,93.0
86.0,86.0,85.0,78.67,72.5,89.5
71.0,73.5,81.5,85.0,86.5,70.0
74.75,75.5,79.5,76.67,77.5,82.0
87.0,72.25,90.0,81.67,72.5,80.0
92.75,78.0,86.5,81.33,82.0,72.0
92.25,86.0,76.5,76.33,77.0,78.0
83.75,81.0,95.0,90.33,90.5,87.0
84.25,69.5,72.0,85.33,79.0,77.0
78.25,72.25,83.5,81.67,86.5,77.0
77.5,80.75,86.5,72.33,86.0,84.0
77.75,82.5,83.5,84.33,79.5,87.0
78.0,90.25,83.5,71.0,80.0,85.5
90.5,80.0,73.0,88.0,88.5,80.5
77.0,93.5,79.5,74.33,82.0,85.0
89.0,78.0,72.5,76.33,96.0,93.5
76.5,78.75,80.0,82.0,80.0,77.0
82.0,85.75,84.0,77.33,89.5,68.5
76.25,74.0,79.5,93.33,74.0,80.5
76.0,81.75,79.0,88.67,76.5,74.0
83.0,79.5,78.0,84.67,88.0,74.5
85.0,75.75,79.5,87.0,92.5,85.5
78.75,93.75,88.0,83.67,88.0,96.5
87.5,80.5,69.0,84.0,91.0,81.0
77.5,88.75,81.5,82.33,90.5,85.5
73.75,80.0,82.5,96.0,70.5,84.0
91.5,78.0,72.0,76.0,83.0,75.0
81.5,79.5,73.5,75.33,87.0,81.0
72.75,76.25,74.5,80.0,83.0,79.5
76.5,81.5,73.5,78.33,82.5,90.0
82.75,71.5,86.0,80.0,94.0,66.0
77.0,91.5,87.0,93.33,87.0,94.0
89.5,85.75,89.0,81.0,68.0,80.0
77.75,83.0,82.0,86.0,82.5,83.5
76.75,75.25,82.0,92.33,77.5,82.0
77.75,78.75,88.5,85.0,81.5,86.0
81.25,82.25,89.0,70.67,97.0,85.5
78.25,82.25,88.5,89.33,74.0,76.0
90.0,77.75,88.0,72.33,82.0,92.5
87.25,74.0,87.5,87.33,85.5,81.5
82.0,81.75,86.5,77.67,88.0,78.5
81.25,80.0,70.0,81.67,75.0,97.0
88.5,83.0,74.0,82.67,74.0,75.0
78.75,86.25,74.0,82.33,65.5,88.5
80.0,70.0,78.5,87.67,76.0,86.5
79.5,77.0,68.0,82.0,76.5,80.0
83.75,74.75,79.5,79.0,88.0,85.5
80.5,74.25,80.5,80.67,85.5,85.0
76.75,82.75,81.0,81.0,94.5,86.0
85.75,76.0,88.5,88.67,82.0,73.5
80.25,82.5,95.0,82.0,74.0,87.0
82.5,82.5,68.0,72.33,84.5,82.0
89.75,92.75,82.5,82.0,86.0,77.0
69.0,87.75,70.5,91.33,90.5,94.5
81.25,78.25,89.5,83.33,75.0,89.0
82.0,81.75,81.5,75.33,86.5,80.0
85.5,87.0,88.0,75.33,92.5,80.5
80.25,84.5,79.5,90.33,84.5,85.5
82.0,79.0,81.0,89.67,77.0,81.0
81.25,75.5,92.0,91.33,91.0,96.5
82.5,78.75,83.5,73.0,86.0,83.0
79.5,82.0,83.0,78.33,81.0,69.0
80.25,72.5,91.5,68.0,77.5,80.5
82.0,80.25,84.0,79.33,83.5,80.0
85.5,81.5,87.0,77.33,88.5,75.0
87.5,85.25,69.5,88.33,89.5,75.5
80.0,80.25,88.5,80.33,91.0,92.5
79.25,84.25,89.0,77.67,95.0,84.0
78.5,83.0,84.0,79.0,87.0,78.5
75.25,88.5,73.0,86.33,72.5,90.0
75.25,91.0,73.5,85.67,78.5,81.5
82.0,85.75,75.5,68.67,83.5,69.0
78.0,81.5,83.0,77.0,88.0,92.0
84.0,82.0,73.0,79.0,79.5,79.5
79.75,83.5,72.0,94.33,79.5,88.0
77.0,83.5,86.5,84.0,71.0,87.5
78.0,82.0,86.0,83.0,79.5,81.0
86.5,79.75,70.5,77.67,76.5,79.0
84.5,74.0,87.5,79.67,81.5,76.0
72.25,73.0,70.0,81.67,86.5,80.0
84.75,86.5,77.5,92.67,84.0,93.0
82.25,86.25,78.5,77.67,71.5,77.0
87.5,78.5,83.0,73.0,89.0,90.0
84.75,89.5,92.0,77.0,71.0,89.5
88.75,78.0,84.5,75.0,92.0,78.5
90.25,80.75,81.0,85.0,80.5,81.0
85.0,90.5,76.5,81.0,71.0,72.0
88.25,72.75,79.5,74.0,78.0,78.0
81.0,86.25,67.0,86.0,69.5,70.5
79.5,83.0,78.5,82.67,81.5,82.0
89.75,80.25,74.5,80.67,74.0,83.5
67.0,81.25,86.5,83.0,86.5,89.5
86.25,73.75,86.0,75.33,86.0,70.0
72.25,75.75,87.0,76.33,85.5,75.5
81.0,73.25,74.5,76.33,80.5,83.0
82.5,83.5,84.5,73.67,83.5,79.0
89.25,78.5,97.0,81.0,88.0,93.5
81.25,90.75,84.5,82.33,79.5,80.5
79.25,86.5,84.0,80.67,72.5,84.0
73.75,82.0,81.5,84.67,92.5,75.5
91.0,82.25,79.0,82.0,72.0,80.0
86.25,75.5,77.5,85.33,89.5,88.5
74.25,77.0,86.0,86.67,73.5,90.0
79.0,76.75,82.0,79.0,88.0,81.0
82.25,76.25,88.0,87.67,79.5,76.5
88.25,81.25,77.5,75.0,86.0,83.0
80.5,82.25,79.0,84.33,77.0,70.5
83.75,78.75,78.0,91.33,77.5,79.5
71.5,83.25,93.5,73.33,94.0,84.0
84.5,81.5,78.5,97.0,86.5,84.0
75.0,68.0,85.0,76.67,81.0,94.5
83.75,74.75,79.5,84.0,80.5,87.5
88.75,85.5,94.0,85.33,79.0,74.5
87.5,88.0,86.0,85.33,92.5,91.5
78.25,71.5,84.0,87.33,85.0,90.0
86.75,75.75,77.5,86.33,79.0,80.0
76.75,78.5,92.5,83.33,91.5,94.0
74.5,77.25,72.0,75.0,74.5,77.5
71.0,69.5,70.0,91.67,87.5,92.0
86.0,81.5,82.0,84.33,80.0,78.0
83.75,82.25,89.5,80.33,74.0,71.5
84.5,71.0,87.0,92.67,85.5,84.5
84.25,80.5,78.5,78.67,72.0,95.5
87.75,68.25,74.0,80.33,74.0,91.5
75.25,90.25,81.5,76.33,84.5,73.5
89.25,86.25,79.5,77.33,67.0,82.0
87.75,79.0,85.5,84.0,67.5,82.5
79.0,89.5,93.0,78.33,74.0,90.5
76.75,81.25,82.5,86.0,71.5,93.5
81.5,80.5,85.0,80.67,90.5,86.5
79.75,79.0,83.0,80.67,82.5,73.5
84.5,76.5,73.0,86.33,84.5,93.0
91.75,80.25,95.0,88.33,93.5,85.0
87.75,84.75,90.0,91.67,71.0,81.5
84.0,87.25,92.5,90.67,78.0,85.0
93.75,83.25,73.5,76.33,89.0,89.5
70.5,76.75,88.0,77.33,83.5,80.5
75.25,74.5,78.0,75.67,74.0,83.0
78.5,75.0,80.0,78.33,80.5,83.0
92.25,79.5,85.5,81.67,82.0,78.5
80.0,68.0,87.5,80.0,87.5,93.5
76.25,75.5,83.0,71.67,74.0,81.5
88.0,73.25,79.5,73.0,70.0,79.5
85.0,81.25,85.0,76.67,83.5,93.0
72.75,79.75,77.5,87.33,83.0,85.0
77.75,77.75,78.5,80.33,82.0,78.0
78.0,86.5,83.5,88.0,84.0,70.0
85.5,81.0,79.5,74.0,84.5,72.5
76.25,82.5,80.0,79.67,71.5,92.0
85.5,87.0,93.0,80.33,81.0,72.0
81.75,77.0,84.0,81.67,84.5,88.0
76.0,77.25,93.0,76.33,93.0,88.0
83.75,79.25,86.5,79.33,82.5,80.5
74.0,90.25,83.5,84.33,88.5,82.5
78.75,86.0,75.0,78.33,83.0,82.5
81.0,86.5,89.0,81.33,87.5,78.5
73.75,86.5,88.0,78.67,72.5,70.0
87.5,88.25,83.0,77.33,92.5,83.0
72.25,76.0,89.5,81.33,90.5,90.5
90.0,86.25,97.0,73.33,73.5,79.5
85.75,75.5,83.0,76.67,78.0,89.0
78.75,88.5,74.0,85.0,78.0,83.0
77.0,88.5,81.5,93.33,82.5,70.5
75.5,86.25,83.0,79.0,78.5,88.5
92.25,78.75,77.0,80.33,86.0,80.0
81.75,86.75,76.5,77.33,82.5,88.5
76.25,80.5,81.0,77.0,77.5,86.5
79.75,82.75,86.0,78.0,68.0,76.5
83.5,86.75,86.0,81.0,79.5,70.0
87.75,86.0,70.0,87.67,95.0,66.5
91.0,87.75,71.5,73.0,87.0,83.0
72.75,74.5,81.0,77.0,69.0,75.0
72.5,70.0,76.0,85.33,70.5,78.5
91.25,82.25,88.5,72.0,80.5,91.0
89.25,88.75,78.5,77.33,77.0,79.0
86.0,90.5,80.0,74.33,81.0,78.0
77.5,80.5,82.5,91.33,85.5,86.5
73.75,76.75,89.0,89.67,86.5,77.5
81.25,79.5,77.0,74.33,76.5,72.0
81.25,70.75,70.5,84.33,83.0,76.5
83.75,81.75,90.5,83.67,89.5,75.0
82.0,90.75,77.0,77.33,92.5,83.5
85.0,73.75,68.5,82.0,83.5,80.5
67.75,89.75,75.0,73.0,90.5,91.5
77.0,80.75,83.0,78.33,76.0,84.0
91.0,79.5,83.0,85.67,77.0,94.5
81.0,82.0,81.5,81.0,83.0,83.0
92.75,86.5,86.5,90.0,83.0,75.5
82.0,78.5,81.0,84.33,78.0,93.5
73.0,76.75,82.0,83.0,86.0,88.5
79.75,77.0,90.0,83.67,85.0,85.0
95.0,91.75,88.0,79.67,80.5,70.5
74.25,70.75,83.5,88.67,73.0,85.0
82.0,90.0,91.0,76.67,73.5,78.0
83.0,83.25,79.0,88.67,83.0,86.5
82.5,79.25,93.0,82.67,85.0,87.5
87.5,82.0,90.0,79.0,81.5,72.5
76.0,81.5,92.5,82.33,78.0,78.0
75.5,90.0,85.0,79.67,69.0,78.0
82.25,78.25,85.5,79.0,95.0,93.5
75.5,72.75,84.0,93.0,78.5,89.5
74.0,81.0,69.5,72.67,79.5,80.5
74.25,89.0,79.5,85.0,83.5,86.0
85.25,86.75,82.0,78.67,83.0,96.5
67.25,74.75,81.5,85.67,74.5,89.0
73.75,88.25,86.5,80.33,84.0,80.0
85.25,81.5,76.0,77.33,69.5,75.5
90.25,86.75,87.0,80.67,85.0,82.5
79.0,77.75,82.0,72.67,86.5,81.0
71.0,89.75,87.5,78.67,90.5,83.0
69.5,76.5,85.5,75.0,80.5,79.5
80.5,83.75,91.5,72.67,80.5,79.0
94.0,75.75,82.0,80.33,67.5,69.5
74.0,74.0,77.5,79.0,87.5,84.5
77.0,90.5,80.5,82.67,78.0,81.0
80.0,74.0,88.0,84.0,75.0,72.0
79.75,84.0,83.0,79.67,76.0,73.0
87.75,81.5,80.5,77.0,82.5,73.5
83.25,91.75,75.5,82.33,89.5,83.5
95.5,80.25,89.0,79.0,84.0,89.0
72.5,75.5,73.0,75.0,70.0,97.5
75.0,83.75,81.5,85.0,93.5,72.5
88.5,82.0,74.5,79.67,85.5,66.5
72.0,80.75,79.5,81.33,82.0,79.0
91.75,84.5,87.0,75.33,78.0,94.5
85.25,81.75,68.5,77.67,85.5,72.0
84.75,80.5,96.0,77.33,67.5,82.0
90.25,81.75,71.5,85.67,82.0,76.0
92.5,83.0,84.0,72.0,75.5,85.5
85.0,72.5,84.0,79.0,85.5,78.0
75.5,79.75,84.0,81.33,82.0,89.0
84.0,73.25,78.0,70.67,75.5,78.0
80.25,85.25,81.0,84.0,84.5,77.0
75.75,84.75,94.5,82.67,71.0,74.0
87.75,85.25,79.5,97.0,75.0,72.0
92.25,82.75,79.0,73.67,93.5,93.0
79.0,87.0,81.0,85.67,91.5,85.5
76.5,80.5,78.5,73.0,68.5,81.5
94.25,69.5,85.5,84.67,85.5,70.5
80.5,74.25,81.5,84.0,75.0,77.5
76.75,77.75,74.5,78.0,96.5,82.0
87.5,83.75,76.0,87.0,77.5,81.5
78.75,82.5,83.0,71.33,85.5,84.0
77.5,81.25,77.0,87.0,67.5,82.0
67.75,81.25,79.5,81.33,81.5,82.5
77.0,87.75,75.5,89.0,77.0,86.0
83.25,73.5,83.0,80.33,78.0,88.5
87.75,81.5,81.0,80.0,75.0,91.5
79.25,82.25,83.0,79.67,73.5,71.5
83.25,75.75,75.0,85.33,82.5,93.0
80.25,74.25,83.0,80.0,76.5,77.0
81.25,72.75,79.5,78.0,76.0,84.0
70.0,82.5,85.5,87.0,71.0,87.0
85.75,86.75,90.5,91.33,90.5,82.5
82.25,89.25,79.5,71.67,74.5,70.0
78.25,85.0,80.0,76.0,83.0,89.0
88.25,74.0,80.5,93.67,83.0,82.0
86.0,77.0,73.0,84.33,74.0,69.0
73.75,82.25,77.0,81.0,81.0,74.0
74.25,88.0,86.0,87.67,80.5,84.0
82.5,88.0,87.5,90.33,89.5,97.5
76.75,84.75,74.5,84.33,88.0,80.0
85.0,83.25,84.5,67.33,81.0,94.5
78.75,88.25,80.0,87.0,77.5,76.5
73.5,81.0,74.0,75.33,85.0,69.5
88.5,71.5,74.5,73.33,83.5,77.5
88.5,90.0,72.5,81.0,86.0,84.5
76.5,81.75,85.0,72.67,86.5,71.5
84.25,84.25,82.0,80.67,78.0,77.0
88.75,84.5,71.5,75.67,80.5,71.0
89.25,70.5,72.5,88.0,86.0,78.0
81.25,86.0,85.0,80.0,86.5,81.0
84.5,87.0,82.0,84.67,76.0,91.0
86.5,84.0,79.5,73.0,81.5,84.5
72.75,82.75,81.5,84.67,85.0,69.5
82.5,75.25,76.0,87.0,68.5,80.0
86.0,80.25,85.0,86.67,82.5,84.5
71.75,85.0,86.5,94.67,70.0,78.0
74.25,84.25,98.0,78.67,74.5,81.5
81.5,86.75,73.5,91.0,71.5,95.0
84.75,93.5,83.0,92.67,75.0,72.5
77.5,78.5,82.5,83.33,86.0,73.5
77.75,75.5,85.0,76.67,80.0,81.5
83.75,71.0,87.5,79.67,84.5,77.0
80.75,79.0,93.5,81.67,71.5,80.5
86.5,86.75,78.5,87.0,74.5,82.0
73.75,87.75,84.5,83.67,92.5,67.5
72.5,84.25,70.5,72.0,79.0,86.0
91.0,88.5,78.0,78.33,81.0,71.5
73.5,88.25,75.5,75.0,83.5,69.5
80.0,83.25,78.0,95.33,86.5,73.0
83.75,73.75,72.0,82.33,87.5,72.0
75.25,84.5,88.5,86.67,80.5,87.5
82.25,76.25,70.0,86.33,80.0,90.0
75.0,83.0,90.0,80.0,76.5,89.5
79.0,85.5,89.0,80.33,89.0,77.0
74.25,77.75,80.0,84.0,80.5,82.0
88.75,81.5,72.5,84.67,71.0,91.0
76.75,82.75,69.5,78.33,81.5,81.0
84.5,82.75,86.5,82.67,84.5,77.0
71.75,71.0,75.5,78.0,91.5,92.5
80.5,92.25,78.5,78.33,83.0,82.0
90.0,79.25,90.5,84.33,86.5,91.5
76.25,82.75,74.0,89.33,69.5,92.5
84.5,91.0,75.0,91.33,81.0,89.0
81.75,81.25,76.5,85.0,74.0,79.0
71.25,69.75,81.0,74.67,92.5,69.0
90.5,83.75,78.0,71.0,87.5,85.5
86.5,77.0,87.5,74.67,86.0,73.5
87.0,84.0,86.5,85.0,88.5,79.0
78.25,80.0,92.5,96.67,80.0,72.5
83.0,86.25,69.0,82.33,79.5,83.0
83.75,86.5,84.5,86.33,82.5,72.5
80.5,93.75,81.0,88.0,71.0,77.5
80.25,87.5,69.5,86.33,80.0,68.0
79.25,76.5,81.5,85.33,79.5,78.0
77.75,88.0,67.0,68.0,96.5,91.0
92.25,84.75,79.5,80.33,78.0,89.5
80.75,72.0,74.0,75.67,78.0,81.0
82.25,77.5,77.5,79.67,81.5,82.0
92.5,81.25,96.5,77.67,84.0,76.5
71.75,81.25,86.5,86.33,73.0,76.5
75.0,78.25,83.5,88.67,75.5,89.5
75.5,86.5,71.5,73.67,90.5,84.0
83.0,80.5,92.0,87.33,86.5,79.5
83.5,81.25,73.5,87.67,74.5,74.0
81.5,91.75,89.5,72.0,78.5,86.0
75.75,80.75,94.0,78.67,90.5,87.0
80.5,82.75,85.5,84.0,74.5,82.5
85.75,88.5,75.0,87.67,80.0,87.0
83.75,87.25,75.0,81.33,79.0,75.0
84.5,88.75,95.5,84.33,78.0,70.0
76.5,82.5,91.5,82.33,85.0,88.0
90.5,78.5,80.5,78.0,91.5,77.5
80.5,73.75,67.0,82.0,70.5,88.5
94.75,85.75,82.5,83.67,85.5,80.0
77.0,83.75,79.5,82.67,87.5,81.5
87.0,83.75,69.5,84.67,70.0,93.0
90.0,85.0,81.0,80.67,84.5,82.5
87.25,69.75,89.5,88.67,93.0,80.0
90.0,89.5,76.0,72.0,83.5,93.0
74.0,83.5,86.5,79.33,76.5,82.5
76.5,87.25,80.5,77.33,79.0,83.5
79.75,91.0,90.5,85.0,73.5,77.0
80.5,87.5,69.0,78.33,81.5,90.5
81.0,81.0,91.0,86.67,86.0,96.0
84.0,79.25,92.0,81.0,77.5,76.5
78.5,87.75,93.5,93.0,93.0,88.5
83.0,72.75,81.5,72.0,80.0,69.0
87.25,74.0,84.0,83.33,82.0,73.0
76.75,86.25,88.5,81.33,87.5,87.0
85.25,75.5,76.5,80.67,73.5,83.5
88.0,81.5,84.0,82.67,82.0,78.0
86.5,82.5,69.0,71.0,79.5,78.0
80.75,73.5,73.0,75.67,91.0,84.0
84.0,72.5,79.5,69.67,70.5,85.0
78.0,85.5,84.5,85.67,86.5,89.0
85.25,92.0,92.0,90.33,86.0,88.0
78.0,87.25,82.5,86.0,82.5,90.0
72.75,77.25,76.0,85.33,82.0,78.5
80.0,77.5,81.5,75.0,77.0,79.0
84.75,72.75,81.5,80.33,83.0,94.0
79.75,74.0,84.5,87.0,86.0,76.0
73.75,78.0,78.0,70.67,98.0,69.0
74.0,85.5,77.0,74.0,74.0,84.0
88.25,83.5,68.5,81.67,82.0,70.0
88.5,76.25,82.0,82.67,73.0,88.0
82.75,87.25,82.0,83.67,86.0,78.0
76.75,73.0,90.0,83.33,86.0,88.5
78.25,86.75,79.0,75.0,90.0,85.0
76.25,78.5,81.5,89.0,75.5,83.0
81.75,85.0,81.0,80.33,73.5,77.0
83.0,82.5,76.5,72.0,78.0,83.0
75.5,84.5,67.5,80.67,92.0,77.0
80.25,74.25,85.0,85.33,77.5,81.0
87.25,84.5,90.5,87.33,77.0,80.5
78.0,94.0,78.5,73.67,90.5,74.0
86.5,77.25,86.0,74.0,77.5,74.0
71.0,81.75,88.5,77.67,70.5,79.5
85.0,67.0,88.5,76.0,93.0,81.0
80.0,85.75,75.5,80.67,85.5,80.5
86.5,78.75,92.0,70.0,86.5,81.0
68.25,79.25,75.0,94.67,74.5,92.5
89.5,92.75,79.0,92.0,78.5,77.5
72.0,77.25,77.5,71.0,79.0,85.5
77.75,83.0,74.5,81.67,70.0,83.5
89.0,80.0,82.5,77.33,81.5,78.5
86.75,77.0,78.5,90.33,89.5,87.0
76.5,88.25,71.5,85.0,82.0,71.0
83.75,89.0,75.5,80.33,72.0,81.5
89.5,73.5,82.0,84.33,75.5,69.5
81.5,72.25,80.0,80.67,78.5,80.0
85.5,82.5,83.0,68.67,72.5,82.0
75.5,82.0,75.5,79.33,74.0,73.5
80.5,92.5,78.5,76.33,81.0,84.5
84.75,85.75,86.0,86.67,91.5,88.5
90.75,91.0,82.0,91.67,81.5,82.0
88.5,76.25,82.0,78.33,76.5,82.0
91.75,81.75,79.0,77.33,78.5,76.0
78.0,90.5,88.5,78.0,89.0,90.5
86.25,85.25,86.5,79.0,70.0,75.0
88.0,82.5,83.5,76.33,92.0,72.0
68.5,80.5,90.0,78.33,81.0,96.5
91.25,84.5,69.0,90.0,89.0,72.5
76.5,80.75,75.0,86.0,70.0,92.5
93.0,76.75,85.0,78.33,80.0,84.0
73.0,73.75,75.0,79.33,72.0,80.5
77.5,82.25,75.0,80.67,83.5,83.0
79.5,81.25,77.0,70.33,82.5,90.0
80.5,85.0,75.0,83.33,83.5,83.5
79.25,76.25,79.5,83.33,82.0,82.5
79.0,84.5,78.5,84.67,84.0,81.0
80.25,69.5,78.0,76.67,92.0,82.5
86.0,86.5,81.5,72.33,84.5,88.0
79.25,75.5,88.5,82.0,94.5,76.5
97.75,87.75,80.0,84.0,84.5,78.5
70.0,78.25,78.0,80.33,76.5,92.0
85.0,94.25,70.5,81.0,86.0,80.5
77.75,90.75,82.0,76.0,80.0,77.5
78.5,80.25,83.5,89.67,81.5,79.0
80.0,79.75,85.0,92.0,72.0,85.0
84.75,88.5,92.5,88.33,79.0,80.0
95.5,85.25,84.0,81.0,88.0,81.0
77.75,70.75,81.0,68.0,82.0,91.0
78.75,69.75,87.5,82.0,75.0,75.0
80.5,75.5,74.5,83.0,79.5,77.0
80.0,72.25,81.0,89.33,81.5,77.5
76.0,73.25,74.5,74.33,85.5,83.5
83.0,77.25,86.0,87.33,70.5,88.5
74.5,79.25,71.0,82.33,70.0,76.5
95.0,78.0,83.0,94.33,72.5,93.5
83.5,88.0,75.0,80.0,67.5,88.5
76.5,84.25,92.0,74.0,81.0,83.5
79.25,85.25,71.5,83.0,92.0,83.5
81.75,80.5,77.5,79.0,91.0,73.5
79.75,87.0,84.0,85.67,80.0,85.0
74.5,79.0,74.5,80.67,84.5,86.5
83.25,80.0,67.5,88.67,71.0,77.0
85.0,75.75,87.0,83.67,76.5,89.5
75.25,72.75,83.0,80.0,80.5,82.0
71.75,79.75,73.5,78.0,87.5,94.0
76.25,84.75,79.0,79.67,69.5,95.0
86.5,80.5,81.0,84.33,69.5,86.5
84.25,76.5,80.5,80.33,76.5,78.0
72.75,78.5,76.5,83.33,70.5,86.0
69.5,81.0,89.0,76.0,86.0,85.0
78.75,86.5,83.0,76.67,89.5,76.5
77.0,74.75,69.5,93.33,87.0,87.0
75.0,79.25,90.0,85.67,96.5,84.5
83.75,84.5,89.0,76.67,86.5,91.0
81.5,87.0,77.5,76.67,88.5,84.5
78.5,77.5,85.5,89.33,77.5,86.0
85.0,77.0,88.0,82.33,70.5,77.5
80.25,84.25,86.0,84.67,82.0,73.0
82.5,80.75,96.5,86.67,88.0,74.5
86.25,88.25,75.5,73.33,78.5,77.5
88.5,80.75,84.0,90.67,87.5,79.0
75.25,88.0,89.5,90.0,81.5,84.5
86.75,85.5,88.5,91.33,85.0,68.5
86.75,79.5,84.5,73.0,92.0,97.0
94.5,84.5,89.5,79.33,76.5,94.0
76.75,75.5,77.5,79.0,80.0,84.0
88.75,93.25,86.0,82.67,79.0,85.0
86.5,75.25,79.0,89.0,78.5,78.0
73.25,86.5,84.0,73.33,70.5,88.0
85.25,85.75,91.0,81.33,85.0,89.0
74.0,84.75,74.0,86.67,86.0,86.0
84.0,82.25,73.0,76.33,72.0,75.0
86.25,81.0,81.0,81.33,93.0,90.0
81.5,72.75,84.0,83.33,68.0,86.5
87.25,90.0,71.5,95.0,83.5,90.0
77.75,76.75,70.5,82.33,77.5,85.5
76.25,84.25,87.5,81.33,87.5,88.5
79.25,89.5,70.0,88.67,85.5,79.5
84.25,74.0,83.0,74.67,83.5,85.0
81.5,83.25,65.5,83.0,74.0,86.0
78.75,81.25,82.5,83.67,90.0,70.5
91.0,74.5,82.0,70.0,78.5,81.0
78.75,80.5,88.0,72.0,75.5,72.0
85.5,87.75,84.0,77.67,76.0,83.5
79.75,96.0,75.0,79.0,83.5,76.5
89.5,83.0,71.0,87.0,79.5,83.5
79.75,90.75,74.0,72.67,83.5,80.0
77.75,83.75,82.0,91.33,76.5,79.0
80.0,83.25,85.5,87.67,79.5,76.0
80.0,75.75,74.5,71.67,82.0,81.0
82.75,82.5,89.5,85.33,76.0,72.5
74.75,78.5,66.0,77.0,77.5,83.5
78.5,80.25,88.5,84.67,80.0,84.5
80.75,83.0,90.0,85.67,94.0,83.5
80.25,72.25,89.0,80.0,78.5,76.5
87.75,79.0,80.0,81.33,83.0,88.0
89.25,88.5,69.0,84.0,88.0,76.0
76.0,70.5,89.5,89.67,75.0,85.0
87.5,82.25,78.5,85.0,95.5,80.5
78.25,86.5,89.0,79.33,93.0,81.5
77.75,86.25,88.0,80.33,91.0,79.0
89.0,84.75,91.0,83.67,75.5,76.5
73.25,79.25,69.5,77.0,76.0,80.5
76.75,92.75,92.0,87.0,72.5,84.5
82.75,91.0,83.5,88.67,90.0,82.5
87.0,74.5,80.0,77.0,77.0,91.5
72.5,74.75,90.0,84.0,82.0,74.0
82.5,81.5,76.5,73.0,87.0,65.5
84.75,90.5,86.5,80.67,79.5,86.0
70.5,79.75,76.5,79.67,83.0,72.0
75.5,83.25,89.0,80.67,73.0,77.5
78.25,76.25,88.5,73.0,91.5,82.0
94.25,80.75,84.5,78.0,82.0,77.5
82.5,86.5,70.5,93.0,83.0,82.0
71.75,89.75,80.5,84.0,69.5,85.5
69.5,84.25,80.0,76.33,95.0,73.5
89.0,76.0,82.0,76.0,81.0,79.0
86.25,84.5,84.0,76.33,91.5,76.0
89.5,88.75,81.5,81.67,79.5,80.0
76.25,85.5,81.0,87.33,77.5,86.0
87.75,87.0,89.5,79.33,77.0,77.0
76.5,78.75,70.0,78.67,86.5,90.0
77.0,69.0,79.5,82.0,94.5,77.5
74.75,83.25,87.5,82.67,92.0,85.5
85.0,72.25,72.0,82.33,81.5,85.5
87.25,89.25,70.0,80.67,77.5,72.5
74.25,85.75,72.5,73.0,87.5,76.5
80.5,96.25,72.0,90.0,85.0,85.0
74.5,81.0,89.5,85.67,79.0,88.0
85.0,85.25,88.0,94.0,77.0,81.5
86.0,82.25,89.0,75.0,79.0,73.0
81.75,81.5,91.5,85.0,84.0,81.5
86.5,83.25,88.0,75.33,76.5,93.0
75.75,88.5,83.5,81.67,79.5,78.5
89.25,78.25,73.5,83.33,83.0,88.5
73.75,81.25,80.0,84.33,81.0,91.0
75.25,84.25,91.5,83.33,79.5,75.5
78.5,77.25,75.0,82.33,92.0,81.0
77.5,93.25,91.5,79.0,69.5,74.0
77.0,81.0,70.5,80.0,82.5,84.5
80.0,75.0,85.0,77.0,93.5,65.5
86.25,89.75,89.0,85.33,91.0,72.5
89.5,80.5,69.0,76.33,66.5,69.0
76.5,87.75,91.5,77.33,79.0,86.0
79.5,82.25,81.5,78.33,75.0,75.5
82.25,82.5,82.0,86.33,72.0,96.0
75.0,89.75,82.0,90.67,87.5,88.5
77.0,86.25,89.5,78.33,72.5,89.5
67.5,85.25,87.5,73.67,83.0,91.5
78.25,84.0,86.0,83.67,68.0,88.5
85.0,74.25,81.0,87.0,75.5,88.5
81.75,88.0,82.5,82.67,90.5,70.0
80.25,81.75,87.5,84.67,85.5,92.5
82.5,85.5,78.0,87.67,92.0,76.5
78.0,88.0,90.5,86.33,83.5,85.0
82.25,75.0,77.0,81.0,89.0,69.5
71.75,79.75,96.5,81.67,72.5,80.5
91.25,76.5,81.0,80.0,81.5,82.0
79.25,79.75,68.0,76.0,90.5,79.0
69.25,82.5,89.5,78.67,83.5,74.0
86.0,75.25,72.0,83.0,81.0,76.0
73.75,76.0,76.5,83.0,76.5,75.5
82.0,82.0,82.0,82.33,85.5,93.5
87.5,75.0,75.5,90.67,76.5,88.0
86.75,84.25,78.5,84.33,73.5,81.0
82.0,85.75,94.0,81.67,80.5,79.0
79.25,73.25,82.5,83.0,86.5,84.0
85.25,73.0,84.5,69.67,76.0,82.5
86.75,84.5,88.5,71.67,88.0,88.5
77.5,83.75,92.5,83.67,81.5,81.0
76.0,91.0,90.0,80.33,73.0,86.5
83.75,85.0,96.5,88.0,81.0,70.0
70.0,77.5,95.0,86.67,92.5,93.5
77.25,78.5,72.5,85.33,88.5,77.5
87.0,83.0,71.5,84.67,83.0,80.5
93.75,81.25,90.0,85.0,79.5,84.5
85.25,79.5,78.0,78.0,83.5,82.5
79.75,73.75,67.5,85.33,74.5,75.5
72.0,80.75,71.5,84.33,74.0,90.5
81.0,75.5,76.0,72.33,91.0,75.0
80.75,82.25,75.5,79.33,78.0,75.0
75.5,74.5,69.0,83.0,81.5,79.5
72.75,86.25,87.0,90.67,74.0,74.5
72.75,77.25,74.0,79.67,90.0,77.0
93.25,82.0,86.5,80.0,77.5,85.5
76.5,77.75,78.5,81.33,84.0,82.0
73.5,80.5,75.0,92.67,66.5,86.0
83.0,80.0,94.5,78.67,95.0,84.0
72.75,87.75,77.5,80.67,70.5,73.5
83.0,83.0,79.5,76.33,82.0,92.0
82.5,83.5,76.5,75.0,80.5,82.5
80.75,73.75,88.5,74.33,78.0,79.5
69.75,79.5,79.0,83.67,71.0,77.0
82.5,80.75,71.0,81.0,85.0,89.0
91.5,93.5,78.0,77.0,82.5,92.5
85.0,89.0,90.5,79.67,82.5,77.5
91.75,76.5,78.0,95.33,71.0,79.0
70.75,74.0,87.0,72.67,89.0,84.0
87.5,76.5,81.5,84.33,78.5,80.5
82.75,79.25,79.0,76.67,82.5,69.5
73.25,82.75,85.0,83.33,90.0,85.0
77.5,74.75,74.0,86.33,87.0,79.0
80.25,88.5,66.0,83.67,90.5,87.5
79.5,89.75,94.0,84.0,85.0,87.0
77.0,78.75,88.0,76.67,80.5,79.5
76.75,74.0,88.0,82.33,89.5,78.5
92.0,83.5,77.5,81.33,75.0,82.0
85.25,86.0,83.5,92.0,68.5,81.0
86.25,76.5,69.5,84.33,68.5,83.0
87.75,71.0,83.0,68.0,94.0,83.0
83.25,75.0,95.0,81.0,83.5,91.5
83.5,96.75,87.0,70.33,73.5,77.0
77.75,86.25,70.5,79.0,90.5,67.0
80.5,84.25,85.0,90.0,89.0,94.5
75.0,82.5,73.0,86.0,97.5,80.5
95.5,74.75,75.0,95.33,81.5,83.5
73.25,80.5,74.5,82.0,71.5,72.0
77.75,74.0,85.5,79.67,89.5,86.5
76.0,78.0,83.5,79.33,72.0,83.5
82.0,76.25,91.5,79.33,85.0,83.0
95.25,77.5,81.5,78.33,77.5,80.5
81.25,85.75,90.0,76.0,73.0,79.5
70.5,80.0,80.0,84.33,89.0,83.0
86.0,89.0,84.0,84.33,89.5,81.0
80.75,74.25,84.0,81.0,71.0,81.5
81.0,75.25,82.0,73.33,91.5,76.5
84.0,78.5,83.5,80.67,91.5,73.5
72.25,75.5,79.0,82.67,85.0,75.0
75.0,77.0,81.0,78.0,80.5,91.0
92.0,79.5,89.0,83.67,81.0,81.5
78.0,96.0,85.5,84.0,95.0,87.5
76.75,87.5,89.0,86.0,70.0,85.0
84.25,92.75,75.5,79.33,76.5,81.0
86.5,73.75,87.5,88.0,86.5,91.5
87.0,79.25,81.5,80.67,85.0,77.5
80.5,94.75,80.5,75.33,80.5,86.5
70.0,70.25,78.5,77.0,78.0,94.0
81.0,76.25,81.5,80.0,80.0,84.0
84.25,79.25,78.5,81.33,82.0,82.0
86.0,73.0,87.0,80.67,78.0,78.5
92.5,85.25,92.5,79.0,76.5,94.0
76.25,75.25,93.0,84.67,87.5,79.0
66.0,89.5,81.0,77.33,68.5,83.5
83.25,74.25,80.0,79.67,80.5,84.5
81.0,75.25,76.5,88.0,70.5,75.0
89.5,77.75,76.0,77.33,83.5,84.0
86.0,75.25,74.0,78.0,77.5,69.0
94.5,79.75,80.5,75.0,95.5,88.5
93.0,88.0,82.5,78.33,75.5,95.0
81.25,89.5,80.5,79.67,86.5,80.5
83.5,81.5,69.5,82.67,81.0,85.0
87.75,72.25,86.5,78.33,84.5,85.5
74.75,88.25,74.5,81.0,83.5,93.0
80.75,81.25,97.0,81.33,78.0,80.0
77.25,77.0,75.5,82.67,84.0,85.5
89.5,85.5,78.0,80.0,86.5,84.5
80.5,83.0,89.5,73.33,82.5,87.0
78.75,92.0,80.5,80.67,79.5,67.5
87.5,80.75,84.0,89.0,85.0,79.0
83.0,85.75,76.5,82.0,76.5,88.0
83.75,80.5,76.0,83.0,77.0,90.0
69.5,89.0,70.0,76.0,86.5,88.0
74.5,84.0,93.5,73.67,80.5,67.5
79.25,73.75,77.5,73.33,83.0,78.5
82.25,83.5,82.5,77.0,79.5,75.5
82.5,78.5,75.0,75.0,88.0,97.5
71.75,86.75,82.0,83.0,81.5,76.0
73.5,89.0,79.5,92.33,81.0,85.0
75.75,86.75,93.0,82.0,76.5,84.0
84.5,74.25,80.0,88.0,81.5,68.0
76.25,81.0,78.5,74.0,81.5,71.0
73.75,78.75,80.0,78.33,84.5,93.5
82.75,79.25,70.0,81.0,81.0,76.5
92.5,87.5,80.5,89.33,75.0,87.0
76.5,87.25,81.5,86.33,76.5,81.0
71.75,84.75,76.5,69.67,77.5,76.5
74.75,84.0,87.5,78.0,79.5,72.5
73.0,79.5,83.0,81.67,86.0,84.5
76.75,81.75,95.5,73.67,68.0,76.0
85.0,86.25,71.5,79.67,92.5,70.5
79.25,80.75,75.5,82.33,70.0,86.0
78.5,75.5,68.0,79.0,83.0,86.5
88.0,82.25,71.5,68.33,85.5,83.5
70.75,76.5,80.5,83.67,87.5,84.0
77.25,90.25,73.5,90.67,95.5,92.5
92.0,76.0,88.0,75.33,78.5,80.0
75.0,85.25,82.5,76.33,73.0,84.5
88.0,85.25,97.5,90.0,91.0,90.5
76.0,84.0,66.5,88.33,81.5,70.0
83.75,86.75,86.5,85.33,77.5,69.0
81.5,85.5,77.0,86.67,74.0,85.0
78.5,73.0,85.0,74.0,84.0,93.0
88.5,82.25,73.0,83.67,77.5,69.0
78.25,71.0,88.5,87.0,95.5,81.0
80.75,89.25,67.5,76.67,86.0,71.0
80.75,80.0,85.5,81.33,89.5,82.0
89.75,83.25,79.5,83.0,84.0,74.5
77.25,79.0,77.0,68.33,82.5,75.0
84.5,79.75,72.5,76.67,91.0,90.0
75.5,72.25,86.5,78.0,84.5,76.5
90.25,82.25,86.5,80.0,76.0,94.5
82.75,80.0,72.0,81.33,65.0,73.5
83.25,84.0,72.5,86.67,86.5,77.5
83.0,91.25,88.5,82.0,79.5,82.0
78.0,83.5,72.0,82.33,69.5,94.5
84.5,89.75,74.0,83.0,86.5,77.5
88.0,77.75,87.5,84.33,73.0,89.0
89.0,75.25,77.0,78.0,79.0,80.0
90.0,78.5,73.0,81.67,91.5,97.5
71.0,86.5,69.5,79.0,85.5,70.0
79.75,84.75,90.5,84.67,79.0,76.0
83.75,83.5,87.5,78.67,73.0,70.5
90.0,82.0,83.0,79.33,78.0,79.5
88.0,79.0,78.0,86.33,82.0,85.5
79.0,86.5,76.5,78.33,81.5,83.0
84.5,81.0,69.0,79.33,86.5,92.5
75.5,89.25,83.0,85.67,80.5,83.5
82.25,79.0,82.0,84.67,82.5,86.5
81.0,75.25,77.5,80.67,72.0,76.5
80.75,86.5,72.0,73.0,91.5,84.5
79.0,68.5,95.0,88.33,79.0,86.5
79.0,81.25,85.0,80.0,82.0,95.5
85.75,80.0,94.0,84.0,82.0,76.5
78.25,81.0,88.5,84.67,81.5,90.0
89.25,83.0,67.5,84.0,75.0,77.5
81.75,71.25,87.0,85.0,90.5,91.0
73.75,82.25,73.5,79.33,77.5,83.5
83.5,90.25,86.0,90.67,88.5,68.5
85.75,82.0,77.0,88.33,79.0,93.5
78.25,73.75,73.5,82.0,80.5,90.5
77.0,93.0,80.0,82.33,71.0,74.0
75.0,93.5,79.5,84.33,83.0,80.0
80.5,78.25,77.5,83.33,70.0,83.0
89.5,75.75,84.5,77.0,86.0,74.0
76.5,84.5,91.0,88.0,82.5,80.5
79.25,74.75,89.0,73.0,91.0,74.5
86.5,77.0,78.5,78.0,68.0,86.0
75.0,77.25,78.0,93.0,67.5,79.5
92.5,87.25,95.0,75.67,85.0,85.0
79.75,86.5,86.5,78.0,79.0,97.0
82.25,79.5,83.0,88.0,79.0,82.5
87.5,75.75,80.5,70.67,73.5,91.5
80.25,83.75,74.0,86.0,82.5,79.0
81.25,87.0,76.5,81.33,84.5,76.0
84.0,69.0,70.5,76.0,75.0,74.5
74.0,90.0,73.5,81.0,78.5,92.0
83.0,71.75,74.0,67.33,88.0,86.0
87.75,67.75,78.0,84.33,68.0,69.5
85.75,78.75,78.0,82.33,76.0,87.0
83.0,85.0,79.0,80.0,91.0,80.0
90.0,85.5,73.5,86.0,85.5,87.5
84.5,85.75,85.0,84.67,71.5,85.5
87.0,85.0,89.0,83.33,81.0,67.0
74.5,86.5,85.0,82.33,82.5,76.5
92.25,92.0,76.0,73.0,91.0,77.5
79.5,78.25,83.5,88.0,86.5,92.0
76.0,88.75,90.0,81.0,91.0,71.0
84.25,77.25,78.0,84.67,85.5,82.0
84.75,68.75,95.0,78.0,75.5,82.0
73.0,91.75,80.5,79.33,78.0,88.0
84.5,77.5,72.5,81.33,79.0,80.5
90.25,79.75,82.5,77.0,82.5,88.5
87.75,77.25,71.0,77.67,70.0,72.0
87.5,77.5,96.0,82.0,85.0,76.5
91.5,89.0,74.0,72.33,80.0,72.0
76.5,68.5,86.0,89.33,76.5,71.0
79.0,84.5,68.0,84.33,83.5,79.0
83.75,87.75,88.5,79.0,94.0,71.5
76.5,81.75,87.5,81.33,81.5,70.0
82.5,67.0,83.0,84.67,66.0,73.5
84.25,86.25,83.0,83.0,73.5,80.0
81.0,92.75,78.5,83.0,92.0,77.5
84.75,88.75,75.0,78.0,86.0,90.5
83.5,77.25,81.0,79.67,87.0,68.5
75.0,80.5,78.5,86.0,89.0,80.0
76.0,83.5,79.0,85.33,79.5,78.0
84.5,81.75,95.0,75.33,72.5,85.5
73.25,73.5,83.5,87.0,83.0,77.0
81.75,89.25,91.0,79.67,75.0,85.5
77.5,77.25,78.5,78.33,82.0,89.0
75.25,85.5,80.0,81.67,79.0,81.0
76.5,93.0,86.5,91.0,71.0,86.0
72.25,84.75,89.0,78.0,79.0,88.0
89.0,82.0,85.0,87.33,84.0,79.0
75.0,78.5,72.0,84.33,86.5,84.0
86.0,74.75,88.0,83.33,77.0,75.5
70.75,92.75,81.0,79.33,83.0,85.0
81.0,73.5,83.0,82.0,69.0,76.0
75.0,75.5,94.0,85.0,70.0,81.5
75.0,86.5,71.5,85.0,85.0,87.0
76.75,80.0,95.0,72.0,84.5,68.5
79.5,84.0,85.5,87.67,83.0,79.5
84.5,78.75,89.0,74.0,78.0,73.5
84.0,91.25,85.0,76.67,71.5,80.0
77.5,82.75,82.5,87.0,81.0,74.0
70.5,87.5,85.5,83.33,74.0,79.5
83.0,83.75,95.0,80.33,82.0,80.0
85.25,83.25,90.0,85.67,76.0,85.5
74.0,84.25,72.5,75.33,88.5,84.5
78.0,87.5,66.0,92.67,84.5,71.5
80.0,88.0,84.0,80.0,84.5,76.0
88.0,87.5,70.5,91.0,80.0,81.0
85.75,84.75,83.5,86.0,83.5,80.0
79.75,81.75,81.5,89.67,80.0,88.5
71.5,93.0,75.0,90.33,69.5,85.5
86.25,87.25,82.0,75.33,81.5,75.0
76.75,80.0,80.5,80.67,73.5,90.0
73.75,76.25,86.5,71.0,90.0,75.5
75.5,84.0,83.5,83.0,90.5,84.5
86.0,85.0,92.5,94.0,83.0,83.5
80.25,71.0,86.5,85.0,83.0,85.5
73.75,86.25,78.0,77.67,69.5,70.0
78.0,86.5,84.0,77.33,87.5,88.5
85.75,85.75,82.5,75.67,77.0,91.5
83.75,74.75,86.0,80.33,82.0,81.0
86.5,80.75,74.5,84.0,91.5,72.0
69.0,83.25,85.0,75.67,77.0,87.5
80.5,85.0,85.0,81.33,81.0,79.0
79.25,89.0,76.0,70.67,86.0,87.0
78.5,77.0,84.0,78.33,91.0,80.5
90.25,83.75,74.0,66.33,92.5,76.0
88.25,87.75,83.0,83.0,86.5,82.0
87.5,82.25,79.5,80.0,72.0,72.0
70.0,96.75,87.5,83.0,80.5,80.0
81.0,77.0,82.0,71.33,88.0,70.5
71.5,87.5,80.5,82.67,79.0,96.0
79.0,72.0,85.5,80.67,86.5,74.0
78.25,86.75,81.0,84.33,76.5,79.5
88.75,73.5,91.5,83.67,79.5,93.5
88.75,85.0,81.5,80.0,88.5,78.0
75.5,77.5,80.5,75.67,81.5,90.5
86.25,77.25,96.0,71.0,88.5,93.5
77.5,83.5,78.0,91.33,87.5,77.0
85.0,76.0,90.5,83.0,81.0,90.5
77.0,69.5,73.5,76.33,78.5,81.5
77.25,78.5,86.0,87.67,94.0,81.0
77.75,77.75,76.5,75.0,84.5,78.5
80.5,85.25,80.0,83.33,82.5,83.5
94.25,75.25,81.5,84.0,80.0,90.5
83.25,76.0,84.0,75.33,77.5,86.5
82.5,73.75,87.0,78.67,93.0,75.5
77.5,81.75,88.0,82.0,76.0,83.5
83.5,73.5,83.5,94.67,78.5,69.5
71.0,79.75,88.5,83.33,86.5,78.5
87.25,93.5,74.5,71.67,73.5,81.0
77.5,72.25,81.5,79.67,88.0,69.0
84.5,80.5,82.0,85.33,83.0,84.5
79.75,73.0,76.0,87.33,83.0,79.5
71.5,81.75,84.5,80.0,79.5,85.5
89.5,75.5,79.0,80.67,77.0,75.5
80.75,89.5,72.0,94.33,83.5,85.0
77.75,68.5,82.0,82.33,91.5,72.5
83.25,84.5,82.0,87.33,78.5,92.5
70.0,89.0,75.0,72.33,91.0,87.5
83.75,73.5,85.0,85.33,91.5,86.0
80.5,84.25,87.5,80.0,80.5,87.0
87.25,84.25,78.0,79.0,75.5,85.0
69.0,69.25,94.0,80.33,85.5,71.0
85.5,76.0,88.0,83.0,73.0,90.5
82.25,78.75,79.0,83.33,83.5,70.5
76.25,86.5,69.5,79.33,80.0,75.0
88.0,75.25,75.5,78.67,89.5,86.5
72.5,74.0,79.5,78.67,87.5,74.5
77.75,85.0,80.5,76.67,77.5,82.0
86.0,86.75,69.0,81.33,87.5,81.5
85.75,77.0,77.0,87.0,77.0,65.5
87.25,88.75,85.0,86.67,80.5,75.0
78.5,69.5,82.5,82.67,69.5,91.5
90.25,78.0,69.5,77.0,95.5,87.5
77.75,82.0,77.0,89.67,75.0,90.5
86.75,84.75,87.0,79.33,82.0,68.0
71.5,78.0,92.0,79.67,79.5,80.5
73.0,72.25,92.5,74.67,73.5,89.0
84.25,83.75,92.0,84.67,76.5,68.0
85.5,92.75,92.0,95.0,69.5,76.5
87.5,87.75,79.5,81.67,87.0,84.0
89.25,84.25,88.0,81.67,88.0,72.5
79.5,90.25,73.5,72.67,93.5,71.5
81.75,77.0,96.5,85.67,81.5,74.5
82.0,83.25,80.0,73.67,78.5,82.0
71.0,80.25,81.0,73.33,77.0,81.5
67.25,72.5,89.5,79.33,83.5,80.0
93.0,86.25,72.0,84.33,77.5,81.0
78.75,82.0,83.5,73.67,82.0,83.5
81.25,81.0,77.5,87.33,82.5,82.0
67.25,84.0,86.0,84.33,96.0,75.0
89.0,67.0,77.0,90.0,83.5,84.0
83.25,77.0,65.0,90.67,71.5,75.0
88.75,84.0,90.0,72.0,76.0,81.0
85.0,87.5,82.5,78.67,95.5,76.5
80.5,87.25,73.5,81.67,71.5,81.5
88.0,78.0,88.5,75.33,88.5,84.0
87.25,81.0,78.5,79.33,77.5,93.0
80.25,86.5,76.0,81.33,71.0,72.0
78.5,80.25,77.0,88.0,81.5,91.0
85.0,80.75,79.0,80.67,90.0,89.5
68.75,86.0,85.5,84.0,77.0,77.5
76.0,77.75,72.5,93.33,78.0,73.5
82.75,78.5,89.5,81.33,75.5,75.5
83.5,80.0,81.5,81.0,89.5,72.0
76.0,72.25,87.5,90.0,83.5,85.5
78.25,74.75,81.5,91.0,78.0,66.0
91.0,69.0,82.5,85.67,86.5,73.5
70.25,78.75,75.5,75.0,78.0,93.5
75.75,72.5,69.5,88.33,66.5,83.0
83.25,80.25,78.0,90.33,88.0,68.0
75.5,82.5,90.5,82.0,68.0,86.0
79.75,84.5,85.0,91.0,76.0,81.5
87.0,75.25,76.0,82.33,76.0,88.0
74.75,81.5,70.5,78.67,77.5,74.5
85.75,82.5,78.0,92.67,85.0,89.0
80.25,73.75,89.0,79.33,75.5,84.0
81.25,93.5,81.0,88.33,66.5,77.0
91.0,85.25,94.5,85.0,85.0,82.5
81.25,87.5,75.5,76.33,78.0,75.0
79.0,95.5,76.0,76.67,76.5,92.5
79.5,68.5,80.0,76.0,89.0,80.0
79.75,80.75,75.5,81.33,82.0,84.5
83.5,77.25,70.0,89.0,72.5,72.0
73.25,76.5,86.0,80.67,79.0,72.0
93.0,88.75,75.5,94.33,82.0,81.0
77.5,79.5,81.0,74.0,75.5,86.5
80.25,84.25,81.0,88.67,80.5,75.5
74.25,91.25,84.5,79.0,86.5,89.5
75.75,86.75,83.0,84.33,76.0,86.0
87.5,78.25,74.0,77.33,76.0,87.0
82.0,85.5,80.0,81.0,80.5,78.0
81.25,80.0,71.0,85.0,80.0,87.5
83.5,90.25,76.5,84.67,79.5,79.5
71.75,80.25,76.0,83.0,75.5,78.5
86.5,77.0,80.5,84.0,90.5,71.0
89.0,82.5,70.0,76.33,79.0,85.5
83.5,88.0,77.5,76.33,75.0,76.5
80.0,76.0,71.5,80.0,90.0,87.0
85.5,86.25,88.5,77.0,84.0,95.5
77.25,71.75,84.5,79.0,80.5,80.0
83.5,88.25,75.5,83.67,86.5,68.5
78.5,84.75,70.0,78.67,96.0,90.0
93.25,82.0,88.5,76.67,92.5,80.5
73.25,81.25,83.5,91.33,67.5,92.5
81.75,77.25,73.0,71.33,75.0,77.5
83.25,88.0,84.0,83.67,95.0,70.0
76.25,79.5,80.5,72.67,80.5,84.0
90.0,84.5,68.5,77.0,82.0,85.0
85.5,83.5,83.5,83.67,86.0,76.5
85.5,81.5,89.5,85.67,87.5,77.0
88.5,84.0,78.0,84.67,95.5,83.0
96.25,85.25,83.5,85.33,86.0,80.0
77.0,80.0,85.5,89.0,89.0,91.0
77.5,68.75,75.0,77.33,70.5,77.5
86.75,86.25,78.0,82.33,87.0,70.0
79.0,79.0,89.5,80.67,87.0,79.5
85.75,78.25,79.0,86.67,78.0,91.5
80.5,89.5,75.5,87.33,74.0,80.5
81.25,82.75,87.5,75.67,83.5,75.0
76.0,93.0,88.5,84.0,79.0,94.0
77.25,86.0,90.5,85.67,77.5,80.5
85.0,89.5,77.5,76.67,77.0,74.5
82.5,80.75,88.0,80.33,86.0,85.0
80.25,85.5,89.5,85.67,75.0,84.5
83.0,76.0,91.0,95.33,74.5,72.5
76.25,70.25,73.0,85.33,72.0,78.0
81.5,79.25,86.0,82.0,83.0,79.0
88.75,82.5,84.0,84.33,74.5,71.5
77.0,92.5,71.0,89.0,79.5,80.0
79.25,77.75,88.0,82.0,74.5,84.0
85.75,80.25,88.5,79.33,78.0,95.5
72.75,85.5,84.5,73.67,70.5,77.5
89.75,91.25,80.5,84.33,79.5,89.5
72.5,90.25,78.5,87.33,89.0,71.0
84.0,89.5,84.0,80.67,80.5,69.5
82.5,83.0,85.0,88.67,89.0,78.0
85.5,82.5,73.0,77.0,83.0,74.0
75.0,85.75,86.0,82.33,74.0,93.5
87.0,87.25,72.5,79.0,86.5,86.0
75.0,83.75,82.5,84.33,71.5,88.0
74.75,92.5,90.5,85.67,70.5,73.5
72.5,74.25,78.5,83.67,81.5,97.0
80.0,84.0,76.0,80.67,76.0,92.5
73.5,79.25,85.0,84.67,86.0,73.5
67.0,84.5,79.0,90.33,83.5,83.5
79.75,88.75,78.0,85.33,79.0,76.0
73.5,92.5,80.0,70.67,78.5,92.5
82.0,87.25,73.0,86.0,85.5,76.0
76.25,79.0,79.5,85.33,81.0,75.5
74.75,78.75,84.5,89.0,86.0,90.0
86.0,85.75,81.0,77.0,91.5,79.5
86.5,80.75,90.5,85.33,82.5,89.5
72.25,74.5,77.5,81.0,89.5,85.5
91.0,72.75,96.0,87.33,76.5,73.0
78.75,83.25,79.5,79.33,80.5,84.5
74.0,90.0,83.0,77.0,83.0,81.5
86.75,80.25,77.5,83.0,84.0,81.5
84.25,83.75,82.0,79.67,86.0,82.5
78.0,85.5,85.5,86.0,82.5,79.0
78.25,86.75,78.5,81.67,93.5,78.0
73.25,77.75,86.0,85.0,86.0,92.0
88.0,79.5,85.0,85.33,88.0,77.0
73.0,74.75,94.5,81.67,75.0,94.0
82.0,83.75,79.5,83.33,90.5,75.5
78.75,75.75,73.5,79.33,92.5,67.5
86.0,75.75,78.0,78.0,80.0,93.0
84.0,78.0,70.0,79.0,78.0,71.0
85.75,80.75,68.0,89.33,77.5,74.0
87.75,75.25,80.5,86.67,95.0,80.0
84.0,81.5,83.5,80.67,76.5,90.5
68.25,81.75,87.0,85.33,81.5,73.5
86.5,79.75,88.5,79.67,90.5,78.0
79.75,82.5,84.5,74.0,81.0,77.0
81.5,74.75,79.5,74.0,84.0,84.0
77.0,75.0,83.0,84.33,81.5,95.0
76.0,76.75,82.0,88.0,84.0,88.5
89.5,75.5,84.5,81.33,72.5,67.0
83.75,80.5,80.5,84.67,93.0,72.5
90.25,76.25,88.5,91.33,75.0,88.0
67.75,87.0,85.0,82.0,71.0,77.5
79.5,76.75,86.5,83.67,69.0,85.5
89.0,80.25,79.0,91.33,81.5,75.5
74.75,91.0,84.5,79.33,71.5,87.0
88.25,77.5,86.0,81.33,81.5,83.0
72.25,89.0,95.0,78.67,88.5,87.0
76.25,88.75,84.5,85.33,76.5,86.0
80.5,83.0,84.0,81.67,83.5,80.0
87.25,79.75,74.5,92.0,92.5,89.0
79.0,90.75,86.5,85.0,92.0,68.5
89.0,83.75,72.5,86.0,76.5,79.5
92.0,80.25,72.5,79.33,89.0,83.0
81.25,80.5,86.5,84.67,85.5,76.5
88.0,81.75,79.0,88.67,72.5,86.0
76.75,81.75,77.5,82.67,80.5,80.0
91.75,80.75,79.0,77.0,72.5,77.5
83.75,82.5,86.0,92.0,71.5,74.0
90.0,83.5,78.5,88.33,92.5,85.0
83.25,74.25,84.5,85.67,80.5,83.0
77.25,81.5,97.0,80.0,77.0,82.0
90.5,84.5,80.5,87.67,82.5,69.5
82.25,82.25,91.5,90.0,79.5,76.5
73.75,83.0,86.5,88.33,82.0,78.0
72.5,77.5,72.5,86.67,79.5,66.0
82.5,76.5,84.5,77.0,92.5,78.5
86.5,75.5,78.5,78.33,91.0,77.5
83.25,83.0,77.5,82.67,67.0,88.5
88.75,80.0,86.0,71.67,81.5,76.5
72.5,80.0,81.5,75.67,80.5,83.0
74.0,86.25,71.0,80.33,80.5,80.0
86.25,88.0,79.0,85.0,88.0,82.5
81.5,77.5,91.0,89.0,80.5,88.0
75.75,85.75,85.0,82.0,87.5,90.5
90.25,83.0,86.0,75.67,84.0,73.5
87.0,86.0,97.5,76.67,89.5,80.0
71.5,76.75,75.5,91.67,90.5,68.5
76.75,84.25,81.0,80.0,66.0,76.5
83.75,83.75,85.0,81.0,80.0,87.5
80.5,85.25,69.5,84.33,79.5,94.5
78.75,86.25,85.5,86.67,69.5,79.5
75.25,79.75,80.0,83.67,83.5,82.5
87.25,74.25,95.0,77.0,90.5,75.5
94.5,84.0,96.5,84.67,92.5,83.0
82.0,87.75,71.0,76.0,81.0,77.0
87.75,90.0,81.0,71.33,82.0,69.0
85.25,87.75,96.0,78.33,87.5,71.0
86.0,76.25,83.5,76.0,86.5,89.5
81.5,80.0,74.0,79.0,81.0,72.5
73.25,87.0,78.5,85.67,89.5,77.5
79.75,88.0,88.0,89.0,80.0,89.5
69.25,79.75,92.0,82.0,81.5,70.5
72.0,76.5,91.0,87.33,84.0,92.5
80.5,83.75,73.0,88.67,78.5,87.5
79.25,77.0,84.5,89.33,79.0,94.0
65.75,73.75,91.5,88.33,88.5,77.0
82.5,82.0,76.5,77.67,74.0,79.0
92.25,72.25,87.0,88.0,87.0,87.5
85.5,75.75,92.0,73.33,82.0,81.0
90.25,84.0,76.5,79.67,87.5,69.5
88.0,87.75,90.5,86.67,82.0,86.0
83.75,87.5,82.0,71.33,85.5,78.5
89.0,71.25,83.0,82.67,94.0,73.0
82.0,81.75,91.0,74.67,82.5,75.5
82.75,90.0,65.5,78.0,82.0,77.5
81.5,92.0,86.0,81.67,88.5,86.0
72.5,80.75,95.0,70.67,85.0,80.5
74.5,79.75,84.0,93.67,78.5,86.0
77.5,88.25,85.0,86.0,90.5,66.5
75.5,70.75,79.5,73.0,80.0,79.0
84.5,92.0,82.0,72.33,80.5,77.5
75.5,74.75,82.0,80.67,69.5,90.5
76.25,81.25,77.5,84.67,80.5,90.5
90.25,81.0,86.5,77.67,84.5,75.5
76.75,90.5,76.0,78.67,86.0,89.0
75.25,68.5,81.0,71.33,80.0,75.5
86.25,87.75,77.0,90.33,83.5,73.0
88.25,79.25,77.0,89.67,84.5,70.0
79.0,76.25,72.5,87.67,81.5,82.5
75.0,79.0,93.5,79.33,81.5,74.0
83.75,87.5,76.5,75.33,73.5,79.5
71.75,80.0,85.0,85.0,68.5,76.5
69.5,83.25,73.5,88.67,84.5,75.5
73.0,85.25,84.0,83.33,85.0,68.5
82.0,87.25,77.0,77.67,87.0,79.5
91.5,82.75,83.5,85.33,95.5,84.0
78.25,73.75,78.5,73.67,93.5,92.0
80.75,82.75,90.0,86.67,93.0,84.0
74.0,77.25,84.5,89.33,82.0,72.0
85.25,75.75,89.0,84.33,71.0,71.5
81.25,82.5,77.0,83.33,87.0,78.0
78.25,80.25,76.5,86.67,86.0,71.5
82.5,84.5,81.0,87.0,95.5,85.5
87.25,83.0,81.5,76.33,83.0,82.5
79.5,89.0,96.5,76.67,92.5,79.5
84.25,90.75,81.0,72.33,86.5,85.0
89.0,79.0,68.0,72.0,77.5,78.5
78.25,75.0,73.0,82.0,85.0,82.5
75.5,78.75,86.5,77.0,90.5,78.0
81.0,89.5,81.5,86.0,77.0,75.0
89.75,74.5,86.5,72.67,72.0,96.5
77.5,85.0,68.5,80.33,72.5,76.0
75.5,85.0,79.0,97.0,67.0,75.5
83.0,81.75,82.0,81.0,81.0,76.5
86.0,88.5,66.5,82.67,79.0,87.0
80.5,79.0,80.5,83.67,74.0,80.0
73.0,77.5,90.5,77.33,84.5,84.0
88.0,74.25,68.0,83.0,86.0,82.0
81.75,81.75,91.5,88.67,82.0,85.5
74.75,86.75,85.5,82.67,73.5,75.0
75.0,80.75,87.5,75.0,75.5,76.0
85.5,79.75,88.0,89.0,81.0,83.0
79.0,75.75,77.0,68.67,87.5,78.0
81.25,77.25,93.0,86.33,78.0,77.0
73.75,77.0,74.5,91.0,85.5,77.5
85.0,85.25,88.5,93.67,91.5,85.0
84.5,82.0,82.0,87.0,72.0,81.5
73.25,78.75,86.5,76.0,75.5,78.5
84.25,78.0,81.0,83.0,94.5,74.5
77.5,86.25,82.0,81.33,74.0,77.0
87.0,92.75,86.0,89.0,73.5,85.0
70.25,84.0,72.5,74.0,79.5,84.5
76.25,81.25,88.0,86.33,80.0,73.0
72.25,74.5,91.0,85.0,79.5,86.0
76.5,91.25,90.0,70.0,80.0,79.0
77.75,74.25,77.0,80.0,85.0,69.5
77.5,79.75,90.5,88.33,75.5,86.5
76.25,90.5,76.0,77.0,88.5,90.0
82.0,74.25,81.0,88.0,90.0,85.5
90.5,78.75,71.0,78.0,73.5,80.5
81.25,84.75,78.5,74.67,97.5,82.5
94.25,76.5,85.0,82.67,85.0,90.0
86.5,81.0,81.0,78.33,71.0,91.5
72.5,80.25,83.5,86.33,78.0,83.0
77.75,89.0,89.0,88.33,68.5,73.5
82.75,71.0,73.0,82.67,88.0,81.0
89.0,81.75,87.5,84.0,88.5,75.0
83.75,85.0,77.5,85.0,87.5,83.0
86.5,84.0,75.5,76.33,85.5,69.5
89.5,87.5,92.5,77.67,76.5,75.0
88.5,72.25,78.0,89.0,86.5,70.5
72.0,91.25,85.5,77.67,86.0,86.5
88.0,67.5,81.5,88.0,80.5,70.5
93.0,90.75,95.5,90.0,83.5,86.5
87.75,73.0,94.0,72.67,71.5,91.0
78.25,79.5,80.0,88.67,73.0,85.5
79.75,88.0,89.5,79.33,70.0,81.5
87.75,78.25,85.0,81.0,66.0,76.5
87.5,74.5,78.5,82.0,84.0,73.0
85.75,78.75,79.5,79.0,83.5,83.5
86.5,81.0,68.5,81.0,90.5,75.5
78.25,78.75,90.5,71.0,83.5,76.5
93.0,84.75,85.5,80.33,90.0,80.0
77.75,81.0,90.0,83.67,85.0,72.0
84.25,82.75,80.0,70.33,72.5,80.0
82.5,87.25,72.0,83.0,75.5,74.5
81.5,90.0,70.0,77.67,95.0,79.5
73.5,77.25,85.0,79.67,91.5,86.0
78.5,90.25,77.0,78.33,92.0,91.5
85.25,84.0,81.5,88.33,78.0,81.5
89.5,77.0,85.0,82.0,77.0,82.5
74.0,79.75,77.5,78.33,86.0,73.0
82.5,85.0,80.5,69.67,65.5,88.5
76.75,75.5,73.0,90.67,74.0,78.5
89.25,87.25,76.5,88.67,72.5,82.0
91.0,66.0,72.5,78.67,83.0,78.5
89.25,85.75,71.5,83.0,73.5,79.5
84.25,83.75,80.5,88.0,84.5,78.5
77.5,85.0,72.5,93.67,73.5,81.0
79.5,73.25,83.5,78.0,75.5,89.0
72.75,70.75,77.0,81.67,93.5,80.5
90.75,84.25,79.5,84.0,76.0,84.0
84.5,85.5,93.5,75.33,95.0,88.5
89.5,79.5,87.0,80.33,79.0,73.5
85.25,88.5,72.5,73.33,91.5,72.5
88.25,82.0,95.0,89.33,75.0,77.0
77.75,79.5,83.0,84.33,82.5,89.0
77.25,80.0,81.0,88.67,83.5,85.5
76.25,86.0,88.0,89.33,82.5,83.0
72.5,79.25,81.5,79.67,82.0,76.0
82.5,84.0,79.5,90.33,79.0,76.0
69.0,80.25,81.5,82.33,84.0,85.0
81.25,84.75,88.5,88.0,92.0,81.5
78.25,77.5,74.0,84.33,79.0,85.5
90.5,79.75,66.5,81.0,79.5,89.0
92.25,80.75,79.0,72.33,83.0,92.0
82.75,91.75,85.5,83.0,77.5,76.5
83.25,83.75,81.0,78.0,83.0,81.0
81.5,80.5,73.5,78.67,71.0,84.5
77.5,84.25,68.5,81.67,92.0,76.5
86.5,81.5,83.5,85.0,74.5,88.0
71.75,86.0,84.5,81.67,89.5,84.0
79.5,90.5,76.5,74.67,91.5,86.5
72.5,76.75,69.5,94.0,86.0,96.5
88.0,80.75,78.0,78.0,74.0,84.5
84.25,76.25,87.0,75.67,72.5,71.0
74.25,79.0,80.0,78.33,67.5,83.5
71.25,82.5,86.0,72.0,74.5,85.5
91.25,82.75,90.5,94.67,96.0,77.5
74.25,80.75,89.5,80.67,89.5,80.0
86.0,80.0,74.0,87.33,79.0,91.5
71.0,79.25,74.0,83.33,74.0,76.0
88.5,73.75,72.0,78.33,80.0,75.0
79.5,76.25,76.5,81.0,78.0,82.0
78.0,90.0,73.5,79.0,75.5,77.5
78.75,75.25,88.5,86.33,82.0,76.0
85.0,82.5,78.5,85.67,69.5,88.0
89.25,87.5,91.5,80.33,87.5,68.5
86.75,85.25,92.5,89.33,78.5,80.0
87.75,96.5,80.0,74.0,79.0,77.0
94.25,72.0,90.5,74.0,87.5,77.5
88.5,78.0,70.5,73.67,95.0,82.5
82.5,81.25,81.5,76.0,84.0,90.0
86.75,81.25,80.5,72.67,71.0,84.5
65.75,81.5,94.5,85.67,91.5,86.5
70.75,75.0,81.5,78.0,69.0,86.5
85.5,76.0,88.5,91.33,76.0,80.5
84.0,91.25,82.5,80.0,75.5,81.5
83.75,79.0,90.0,87.67,79.5,81.0
83.75,81.0,81.0,89.0,92.5,82.0
88.25,90.0,70.5,86.33,89.0,86.0
73.5,89.75,74.0,82.67,86.5,94.0
75.25,85.0,77.0,84.33,74.5,70.0
74.75,76.25,69.5,86.33,79.0,83.5
86.75,80.0,80.0,80.0,77.0,87.5
84.5,80.75,79.5,75.67,79.5,81.0
76.75,73.75,83.0,85.67,76.0,81.0
76.75,68.75,87.0,83.33,79.0,95.0
82.25,72.75,74.5,73.33,79.5,70.0
84.0,90.0,81.0,72.0,70.0,73.0
87.0,73.0,96.5,79.67,84.5,73.0
79.0,69.25,74.5,86.33,89.0,79.5
81.0,86.0,76.5,76.33,70.5,69.0
72.5,72.25,90.5,78.0,68.5,85.5
86.25,86.25,78.0,79.33,94.5,90.0
79.0,84.5,94.5,87.0,84.0,81.0
80.5,80.0,93.5,95.33,73.5,84.5
88.25,90.25,82.0,82.0,72.0,79.5
84.25,79.25,67.0,90.67,82.5,90.5
83.75,79.25,80.5,97.33,73.0,77.0
77.25,69.5,79.5,81.0,72.5,88.0
73.75,87.0,87.5,88.33,79.5,80.0
70.75,89.5,95.0,78.67,90.5,81.5
75.0,79.5,78.5,77.33,96.0,85.0
85.25,89.0,76.0,79.33,68.0,79.0
79.5,85.0,86.5,74.67,87.0,85.0
84.75,79.75,79.5,87.67,91.5,81.0
90.0,89.5,91.0,86.0,88.0,90.5
86.5,72.5,90.0,84.67,83.5,69.5
80.75,78.25,90.5,86.33,92.0,87.5
79.25,73.25,81.5,86.33,78.5,72.0
77.5,83.0,90.5,70.0,82.5,76.5
81.25,80.5,83.5,85.0,88.5,77.5
89.75,83.75,84.0,81.33,78.0,82.0
82.5,91.75,87.0,81.0,74.5,78.5
69.75,74.5,89.0,85.0,72.5,80.5
75.25,75.25,87.5,83.0,96.5,83.0
87.25,83.0,86.5,85.67,84.5,81.5
86.5,81.5,92.0,82.0,89.5,78.5
78.75,88.25,85.0,82.33,76.0,71.0
84.0,84.25,74.5,77.0,78.5,84.5
84.75,84.25,95.5,74.33,83.5,78.0
80.0,79.0,78.5,89.33,85.5,78.0
85.0,73.5,70.5,79.67,91.0,74.0
85.0,86.25,79.5,86.33,95.5,96.0
92.5,76.5,81.5,84.67,82.5,83.0
77.75,82.5,85.5,83.67,79.5,87.5
74.0,84.75,78.0,85.33,91.0,87.0
80.25,77.75,83.0,82.33,79.0,71.0
90.75,91.25,82.5,75.33,77.5,82.0
89.25,82.0,77.0,77.33,87.0,81.0
82.5,71.75,91.5,78.33,77.0,73.5
88.5,82.25,84.0,73.33,74.5,82.5
78.75,91.5,83.5,78.67,76.0,81.0
84.5,86.0,90.0,87.33,90.5,79.5
83.0,70.25,87.5,72.33,83.5,77.0
78.25,94.5,76.0,79.33,82.0,86.0
78.5,79.75,86.0,81.33,78.0,93.5
81.75,69.25,83.0,88.0,69.0,83.0
85.5,84.75,77.0,80.0,92.0,85.5
84.0,80.5,78.0,71.67,86.0,77.5
79.5,77.25,82.0,84.0,70.0,67.0
81.5,81.75,76.0,85.33,76.0,84.5
80.75,76.5,81.5,77.67,80.0,71.5
75.75,90.0,76.0,78.0,83.5,86.0
84.25,86.75,76.0,87.0,79.5,87.5
79.75,77.0,79.5,83.0,73.0,88.5
79.5,79.5,90.0,76.0,83.5,73.0
85.5,83.5,87.5,73.67,81.5,81.0
76.5,71.0,77.5,82.67,81.5,68.0
88.25,88.0,71.5,76.33,85.5,83.0
86.0,92.0,82.5,79.67,71.5,86.0
80.75,84.0,89.5,73.0,95.0,85.0
84.0,85.25,87.5,80.67,85.5,90.0
76.25,91.0,91.0,73.67,73.5,89.5
79.25,75.5,88.0,84.0,89.0,77.0
84.25,79.25,69.5,82.67,67.5,76.0
84.75,74.25,85.0,82.67,82.5,85.5
87.75,72.5,85.5,88.0,80.5,80.0
86.25,67.75,81.5,77.67,95.5,68.5
72.5,78.25,84.5,94.33,79.5,79.5
73.75,81.75,93.5,85.67,74.0,74.0
88.25,77.75,78.5,80.67,81.0,95.0
81.75,77.0,86.0,80.0,93.0,79.0
85.5,82.5,76.5,87.33,86.0,75.5
82.75,86.25,89.5,82.33,72.5,77.5
86.0,90.75,76.5,73.67,90.5,73.0
81.25,78.25,82.0,80.33,81.0,79.5
84.25,84.75,84.0,77.67,76.0,85.0
72.75,85.0,80.5,83.0,83.5,80.0
87.5,87.75,75.5,92.0,72.0,85.0
83.5,87.75,76.0,83.0,81.5,91.5
81.25,83.25,88.0,82.67,82.5,93.0
90.75,90.25,82.0,89.33,82.5,74.0
79.75,73.0,78.5,73.33,79.0,73.5
74.5,85.25,94.0,93.0,71.0,78.0
77.25,87.25,82.5,84.0,74.5,88.5
88.25,78.25,74.5,91.33,91.0,88.0
77.25,78.5,80.5,71.0,79.5,84.5
81.75,82.0,81.5,70.0,89.0,69.0
85.25,75.0,79.0,82.0,75.5,87.0
75.25,82.5,73.0,80.33,82.5,71.0
71.25,79.25,85.0,81.67,80.0,88.0
74.5,85.5,91.5,89.33,94.5,87.0
73.25,87.75,85.5,88.33,81.0,78.0
91.5,78.25,81.5,87.33,85.5,87.5
93.25,86.0,79.0,81.67,80.0,95.0
84.5,78.0,76.5,80.0,85.0,84.5
70.0,76.0,83.0,89.0,80.0,88.5
83.5,85.75,75.0,89.67,82.5,85.5
79.5,81.25,83.0,67.67,80.5,73.5
82.0,77.25,81.5,89.33,78.0,83.5
90.5,76.25,93.0,71.0,91.0,78.0
84.0,82.5,83.0,77.67,86.0,82.5
92.75,87.0,93.0,74.67,90.0,96.5
80.5,70.75,80.0,76.0,82.5,79.5
79.25,87.0,91.0,88.0,96.5,80.0
83.0,87.75,75.5,83.67,80.0,78.5
78.5,87.75,83.5,79.67,74.5,68.5
83.0,80.75,76.5,84.33,78.0,83.5
76.75,84.0,77.0,80.0,75.5,83.5
78.75,83.0,81.5,86.67,76.0,78.0
74.25,89.25,74.0,89.0,82.5,83.0
78.75,83.0,72.5,90.67,68.0,65.5
85.25,77.0,78.0,85.33,73.5,72.0
70.25,76.75,86.0,80.0,71.0,76.5
83.75,89.25,65.5,76.33,89.0,79.0
78.25,87.0,73.0,89.67,85.5,75.0
76.25,84.5,83.5,79.0,74.0,85.5
77.0,90.5,79.0,71.33,83.0,76.5
82.5,70.75,82.5,74.33,85.0,71.0
93.0,70.75,81.5,85.33,80.0,87.0
83.75,81.0,77.0,80.33,77.5,70.5
74.25,72.75,75.5,88.67,79.0,91.5
81.0,77.25,76.0,79.33,86.5,86.5
77.0,87.75,78.0,72.0,78.5,71.5
77.0,74.0,93.5,85.33,77.5,79.5
76.25,70.5,76.0,83.0,82.0,93.0
73.5,79.75,82.5,86.67,86.0,85.0
75.0,86.5,72.5,82.33,87.5,81.0
89.75,79.25,75.5,78.33,84.0,75.0
75.25,89.25,80.0,79.67,76.5,80.5
80.0,80.25,79.0,83.67,78.0,81.0
87.75,75.5,86.0,83.0,89.0,78.0
89.75,83.5,91.5,89.67,74.5,91.0
88.75,78.75,77.5,84.67,97.0,80.0
83.5,75.25,78.5,89.67,91.0,80.0
90.5,76.0,83.5,80.0,85.5,93.5
80.25,94.0,77.5,79.0,77.5,75.0
85.25,79.75,90.5,75.33,82.0,78.0
83.5,81.5,80.5,76.0,84.5,71.0
85.5,86.5,89.5,83.0,73.5,83.5
74.5,72.0,91.0,86.67,74.5,83.5
68.25,77.0,84.5,91.0,91.0,77.0
86.75,79.0,78.5,77.33,80.5,86.5
89.5,89.5,84.0,85.67,80.0,85.5
72.5,78.75,74.5,79.33,76.0,73.5
76.5,88.75,78.0,77.67,85.5,84.5
89.25,87.5,82.0,77.0,80.0,78.5
87.25,85.75,80.5,85.33,77.5,81.0
92.25,86.0,86.5,90.33,74.0,70.5
80.5,85.5,76.0,84.67,80.0,83.5
81.25,84.0,82.0,82.0,95.0,76.5
73.75,90.75,86.5,76.0,82.0,91.5
85.75,82.75,84.0,70.67,67.0,92.5
73.75,84.0,90.0,89.0,68.5,75.0
90.0,79.25,78.0,82.33,83.5,92.0
93.0,84.25,81.0,87.67,91.0,89.0
88.25,72.0,80.5,72.33,86.5,80.5
80.0,71.75,75.0,87.0,68.5,90.0
90.0,87.5,89.5,90.67,89.0,83.5
83.25,88.25,87.0,82.67,84.0,86.5
88.75,89.0,79.0,74.0,92.0,87.0
76.25,86.5,83.0,85.0,78.0,86.5
76.25,82.0,70.5,80.33,81.5,83.5
78.25,77.25,79.0,71.33,67.5,86.0
72.75,89.25,89.5,84.0,67.5,74.5
90.75,93.0,81.5,71.33,85.5,76.5
90.5,87.25,93.5,88.33,79.0,86.5
73.75,78.25,72.5,91.67,88.0,87.0
83.25,82.25,83.5,77.67,72.0,76.5
88.25,80.25,88.0,72.0,84.5,88.5
93.0,84.0,76.5,78.33,79.0,95.0
79.25,90.5,72.5,85.0,85.5,82.0
83.25,75.0,78.0,69.0,92.0,74.5
78.75,85.0,82.0,71.67,77.5,87.0
86.25,88.25,81.0,67.67,74.5,79.5
78.25,89.75,78.5,87.0,83.0,92.5
78.25,77.0,81.5,76.0,79.0,84.0
93.25,90.0,87.0,75.0,72.5,75.0
75.75,77.25,94.5,82.67,68.0,92.5
80.0,73.0,82.0,85.33,85.0,89.5
75.25,80.5,82.0,81.67,81.5,81.0
78.75,81.25,86.5,85.0,80.5,88.0
87.75,78.75,89.0,71.0,70.0,68.5
80.75,79.75,88.0,85.67,80.5,78.5
70.75,82.25,84.5,82.67,84.0,82.5
76.25,84.75,79.5,92.33,89.5,94.5
70.75,76.0,93.0,72.67,93.0,78.5
78.0,78.25,66.5,76.0,92.0,77.0
87.5,71.5,82.0,88.67,87.5,77.0
80.5,88.5,73.5,91.0,86.0,88.0
89.5,83.25,86.5,82.67,81.5,93.0
81.5,91.75,76.5,83.67,76.0,86.0
88.0,82.0,73.5,83.33,81.5,90.5
87.0,86.25,72.0,91.33,77.5,81.5
73.5,79.5,91.0,85.33,81.0,84.0
85.75,78.25,81.5,79.67,81.5,94.0
82.25,85.5,66.5,74.0,79.5,75.0
91.25,80.5,81.5,80.67,78.0,71.0
90.75,85.5,83.0,76.0,82.0,79.0
82.25,76.0,74.0,81.67,86.5,87.5
87.25,94.5,89.0,84.67,86.0,90.5
78.5,69.5,85.5,85.33,74.5,78.0
73.0,81.0,81.5,75.0,72.0,96.0
90.75,79.0,85.5,90.67,82.0,89.0
87.0,78.5,84.5,92.0,78.5,86.0
72.0,88.75,82.0,74.0,82.0,79.5
92.5,84.25,86.5,84.67,90.5,75.0
85.25,76.75,68.0,76.0,81.0,89.0
75.75,92.5,80.5,74.0,84.0,73.0
77.25,77.0,73.0,92.33,87.5,80.0
76.75,68.75,83.5,88.67,77.5,90.0
79.25,85.75,76.0,75.0,87.0,73.5
83.75,88.75,93.0,79.67,87.0,89.5
89.75,79.25,78.5,94.0,85.0,88.0
85.75,72.0,86.5,76.67,85.0,91.0
84.5,80.25,84.5,80.33,95.5,87.0
79.5,71.5,81.5,83.0,82.0,89.5
77.75,84.5,85.0,71.67,83.0,77.0
91.25,75.25,83.5,81.67,68.5,78.5
70.75,76.5,80.0,75.33,78.5,76.0
93.25,76.5,71.5,79.0,81.5,81.0
97.25,83.5,79.5,84.67,81.5,75.0
77.25,76.5,83.5,80.33,87.0,83.5
78.0,74.75,69.5,83.0,94.0,73.0
89.25,79.5,86.0,86.33,78.5,89.0
87.5,78.0,83.0,81.67,66.5,85.5
78.75,84.75,82.0,88.67,79.5,85.5
89.75,79.5,86.5,78.67,72.5,79.5
73.5,82.25,81.0,76.0,84.5,69.0
82.75,77.25,86.5,83.33,85.5,87.0
84.0,74.75,84.5,81.33,80.0,82.5
85.25,82.75,79.0,78.67,66.5,78.0
71.75,82.75,85.0,72.0,82.0,67.5
77.75,88.5,96.0,84.33,89.5,93.5
70.5,72.75,72.5,77.33,82.5,78.0
74.25,81.5,78.0,78.33,74.0,92.0
76.0,85.25,81.5,81.67,80.0,95.0
79.75,82.25,88.5,73.33,82.5,79.0
81.75,85.75,76.5,88.0,75.5,90.0
78.25,72.75,76.5,72.0,84.0,83.0
71.5,82.75,78.0,78.0,80.0,86.0
89.5,83.25,87.0,85.67,65.5,81.0
81.5,84.75,84.5,68.33,82.0,85.0
76.5,78.0,75.0,74.0,82.0,89.5
86.75,75.0,88.5,90.67,80.5,79.0
81.5,77.5,84.5,77.67,78.5,85.5
92.5,92.25,76.5,91.67,70.5,83.0
71.5,80.75,82.5,86.33,85.0,91.5
81.5,80.75,74.0,94.33,86.5,80.5
76.0,87.5,89.0,73.33,81.5,81.0
81.5,78.5,89.0,72.33,67.0,97.0
85.25,71.0,68.5,74.67,80.5,96.5
81.25,84.25,84.0,91.33,83.0,90.0
79.5,82.0,78.5,77.0,75.0,78.5
73.25,83.5,90.5,78.67,83.0,85.0
89.0,89.25,87.5,84.67,91.5,78.0
73.75,78.5,80.0,74.33,81.0,84.0
74.25,88.75,75.0,82.0,83.0,97.0
86.0,86.25,71.5,88.67,85.0,86.0
81.0,80.75,72.0,89.67,83.0,79.5
68.25,85.75,77.5,81.67,84.5,83.0
74.5,84.0,68.5,78.67,79.5,79.5
86.25,77.0,83.0,81.67,78.0,70.5
74.25,79.25,89.0,74.67,74.0,83.0
90.75,75.5,79.5,77.0,90.0,81.0
72.5,71.75,85.0,82.33,77.5,86.0
85.75,78.0,96.0,74.0,78.0,80.0
88.0,85.25,82.5,75.0,85.0,76.5
72.5,76.5,85.5,92.67,84.0,74.5
72.25,86.75,76.0,82.67,83.5,87.5
80.0,83.75,73.5,81.0,81.0,78.0
74.5,78.25,87.0,79.33,79.5,81.5
79.75,80.25,75.5,69.0,94.5,79.5
85.75,79.0,82.5,85.67,74.0,74.0
87.5,84.75,74.5,75.67,74.0,85.0
74.25,81.0,87.0,68.0,70.0,86.5
83.25,79.0,81.5,76.33,86.0,86.5
85.75,88.25,79.5,85.33,84.5,93.5
90.0,84.0,73.5,88.67,85.0,80.0
90.75,84.0,81.5,75.67,79.5,90.0
84.25,82.0,70.5,91.67,85.5,80.0
76.25,83.25,84.0,87.0,78.5,67.5
80.5,78.25,82.0,70.67,86.5,75.0
78.75,78.5,88.5,77.33,79.0,84.0
87.25,72.75,85.0,88.0,74.5,75.0
72.25,90.0,95.0,88.33,93.0,79.5
80.0,83.5,81.0,81.67,80.5,79.5
82.75,80.25,79.0,70.33,72.5,91.0
73.75,80.75,78.5,89.0,79.0,93.5
81.25,80.25,69.0,87.0,76.0,73.5
87.75,79.75,85.5,73.33,90.5,77.5
84.5,70.5,77.0,89.0,80.0,78.0
79.5,77.0,91.0,75.0,77.5,81.5
86.25,92.0,82.0,81.33,75.5,74.0
75.75,85.0,85.0,75.67,79.5,96.0
82.0,84.25,84.0,83.0,93.5,76.5
76.0,87.5,78.0,82.67,93.0,81.0
89.25,79.0,87.0,80.33,79.0,80.0
83.0,72.25,77.0,84.33,82.5,79.5
86.25,72.75,87.5,87.33,81.5,76.0
78.5,87.5,95.5,87.67,71.0,87.5
76.0,76.5,72.0,97.0,80.5,75.5
93.0,71.0,75.5,95.67,82.5,84.0
84.5,80.0,69.0,83.33,70.5,70.5
70.5,90.0,78.0,80.67,77.5,89.5
88.75,88.75,89.0,74.0,76.5,78.0
82.25,89.25,82.0,85.0,96.0,80.5
77.25,71.25,92.5,69.33,84.5,81.0
78.75,80.25,93.0,82.33,81.5,85.5
92.5,86.25,76.5,85.33,79.5,77.0
91.0,77.0,89.0,78.33,74.5,90.5
80.75,77.0,90.5,83.33,82.0,81.5
85.0,81.5,74.0,77.33,75.5,81.0
92.0,80.0,86.0,91.67,79.5,77.5
81.25,88.0,87.0,77.0,89.0,87.5
82.25,92.75,77.5,89.33,80.0,72.0
85.25,80.75,71.0,81.0,83.5,85.0
80.5,69.5,86.0,93.67,89.5,80.0
85.25,71.75,79.5,79.67,74.0,91.5
74.5,82.75,82.5,85.67,80.5,80.0
84.25,91.5,87.0,79.0,78.5,73.5
93.0,77.5,79.5,81.33,81.0,84.5
75.25,83.75,91.5,81.67,83.0,77.0
87.75,90.5,67.5,80.0,67.0,82.0
77.75,80.0,72.0,72.0,83.5,73.5
72.25,87.5,89.5,88.67,95.0,74.0
84.5,87.5,84.5,91.0,86.5,82.0
90.5,90.0,89.5,77.67,89.0,84.5
86.25,77.0,77.0,85.67,86.0,90.5
87.0,85.5,95.5,89.33,79.5,87.0
91.75,77.0,73.0,80.0,74.5,80.0
87.25,84.0,80.0,73.67,82.5,91.5
76.75,79.25,82.0,81.33,83.5,91.0
78.25,76.0,80.5,79.67,81.0,74.0
88.0,76.75,81.0,80.67,78.5,82.0
84.25,76.75,74.0,90.67,79.0,84.0
77.25,82.5,84.0,77.67,74.5,76.5
84.5,84.25,96.5,73.33,90.0,85.5
83.0,86.75,88.5,76.33,78.5,83.5
73.0,78.0,75.0,78.0,79.0,77.5
83.5,92.0,76.0,82.67,70.5,82.0
89.0,86.0,88.5,72.0,70.5,89.0
84.5,75.25,92.0,87.0,75.0,74.5
75.25,77.25,88.0,81.67,89.5,85.5
83.25,84.5,69.5,75.33,77.0,80.0
75.25,88.25,84.0,78.67,81.0,93.0
76.5,77.75,86.5,80.0,88.5,88.0
82.0,80.75,76.5,78.0,81.5,72.5
88.0,95.5,75.5,75.67,81.5,75.0
79.75,78.0,83.5,83.0,81.5,78.0
80.5,86.25,84.5,87.67,77.0,82.5
87.75,78.0,85.0,84.67,80.5,82.0
82.0,79.0,72.0,75.33,94.0,72.5
83.25,91.25,84.5,74.0,86.0,77.5
86.75,87.25,89.5,82.0,86.5,89.5
85.75,84.25,79.0,80.33,88.0,81.0
87.5,80.5,71.5,88.33,71.5,81.0
76.0,78.25,77.0,94.0,81.5,75.5
91.0,85.25,73.5,70.67,75.0,71.0
84.25,88.5,88.5,82.67,90.5,79.5
80.0,79.75,97.0,76.67,79.5,78.0
73.25,72.25,81.0,91.67,71.5,73.5
80.5,93.5,83.5,77.0,93.0,86.0
88.75,76.25,75.5,75.0,74.5,67.5
80.75,77.25,81.5,78.33,86.0,91.0
84.0,78.0,79.0,79.33,68.0,70.5
78.5,86.5,75.5,75.67,84.5,78.0
80.0,83.75,67.0,80.0,90.0,83.5
85.75,77.25,92.5,74.67,79.0,71.5
72.0,74.25,79.0,82.0,86.5,92.0
86.25,73.0,77.5,84.0,85.0,90.0
84.75,82.25,79.0,93.67,77.5,79.5
70.5,74.75,82.0,80.0,85.5,81.0
81.25,82.75,83.5,78.0,78.5,77.5
89.25,81.75,94.0,69.67,87.5,72.5
67.25,82.0,78.0,75.0,87.0,77.0
68.0,70.5,84.0,73.33,76.0,81.5
76.0,76.25,86.5,87.33,76.0,89.0
80.0,81.25,88.0,82.67,86.5,85.5
91.25,79.75,68.0,77.33,76.0,88.5
87.0,83.0,75.5,71.33,78.0,77.0
77.25,76.25,83.0,89.33,73.5,81.0
81.0,90.5,86.0,72.67,82.5,85.0
87.75,80.75,76.5,80.67,80.0,82.5
75.25,71.75,94.5,91.0,81.0,82.0
80.75,77.0,77.0,81.0,72.5,87.5
85.25,83.0,90.0,79.67,85.5,85.0
86.5,88.75,81.5,82.67,84.5,76.5
84.75,73.5,79.5,88.0,85.5,83.5
87.5,77.75,70.5,91.67,83.5,82.5
83.75,90.25,84.5,87.33,75.0,83.5
76.75,84.5,87.5,79.0,93.5,76.5
81.75,82.5,84.5,70.33,83.5,94.5
84.0,84.5,80.0,91.33,76.5,90.0
86.5,84.75,85.0,79.67,86.5,92.0
84.0,71.25,82.0,79.67,73.5,85.5
79.0,80.5,83.5,69.33,96.5,75.5
72.5,85.25,77.0,73.67,76.5,87.5
79.5,82.75,81.0,76.0,71.5,95.5
71.0,86.75,76.5,79.0,75.5,78.5
82.25,89.75,87.5,80.33,84.0,94.5
84.5,83.0,83.5,84.67,89.5,92.5
87.5,78.5,87.0,81.67,90.0,82.0
84.0,94.75,87.5,85.0,75.5,79.5
81.75,78.0,87.5,84.33,79.0,85.0
84.25,73.25,88.0,82.0,72.5,74.5
74.25,92.75,86.0,84.67,77.5,71.0
82.25,73.0,77.5,82.33,78.0,77.0
81.0,79.0,71.0,75.33,78.5,88.0
70.75,89.5,83.0,82.0,71.0,82.5
74.75,75.75,84.5,88.67,78.5,81.0
80.25,82.5,74.0,77.67,75.0,95.0
77.75,85.5,76.0,79.67,84.0,80.5
73.75,77.75,84.0,73.0,85.5,88.0
88.25,88.75,87.5,76.0,77.0,72.5
83.25,74.5,72.0,78.33,87.5,91.0
75.75,76.75,77.0,82.0,67.0,75.0
81.0,85.0,92.0,87.33,70.5,77.5
84.25,77.5,81.0,92.0,90.0,83.0
89.5,84.75,74.0,86.33,80.0,74.5
93.75,81.0,75.0,80.67,89.5,83.0
92.75,79.5,80.5,85.0,83.0,79.5
78.5,87.25,88.5,70.67,85.0,77.0
83.5,89.0,81.5,87.33,84.0,74.5
78.5,94.25,82.5,81.0,79.0,77.0
79.0,79.0,71.0,86.0,78.5,82.5
91.0,91.0,85.5,81.0,90.5,90.0
68.5,88.5,71.5,83.33,83.0,87.0
88.0,82.75,84.0,83.67,74.5,94.0
90.5,77.5,93.5,84.0,76.5,83.0
90.0,83.0,68.0,79.67,79.5,92.0
84.0,88.75,83.5,83.67,86.0,69.0
91.0,81.25,88.0,76.33,75.5,70.5
80.5,83.0,87.0,89.67,76.5,70.0
80.0,86.5,82.5,76.33,78.0,79.5
74.25,78.0,86.5,78.0,85.5,93.0
84.25,77.0,84.5,80.33,70.0,80.5
81.0,88.75,68.5,77.33,78.5,76.0
74.5,83.25,90.0,83.67,73.0,80.5
77.5,82.75,90.5,84.0,93.0,76.0
79.5,83.25,94.5,83.33,76.5,78.0
72.0,84.75,77.0,71.33,94.0,80.0
77.0,76.0,77.0,83.33,75.0,76.0
78.0,78.75,76.0,89.67,66.0,73.5
73.0,82.25,81.0,79.0,81.0,76.5
80.25,81.25,80.5,79.33,77.0,67.0
73.5,77.75,85.0,82.0,75.5,76.0
82.25,80.25,71.5,87.67,75.5,71.0
89.5,85.5,81.0,80.67,79.5,88.5
89.25,85.75,65.0,74.0,74.0,80.0
77.75,82.75,93.5,84.33,82.5,84.5
76.0,85.5,71.5,82.33,79.5,93.0
80.0,75.0,79.0,82.0,79.5,86.0
89.75,94.5,78.0,78.33,79.0,90.0
86.5,83.0,70.5,87.33,78.0,91.5
79.25,75.25,93.5,93.33,74.5,81.0
82.5,74.25,72.0,79.0,77.0,77.0
88.5,75.0,72.0,78.33,82.5,79.0
86.5,80.25,76.0,84.33,80.0,95.0
75.25,78.5,84.0,77.67,72.5,79.5
74.25,74.75,68.5,73.67,68.5,79.0
85.5,83.75,77.0,87.67,79.5,88.0
78.25,81.5,85.0,81.33,84.5,95.0
86.0,93.75,81.5,82.0,85.0,86.5
84.25,69.25,78.0,82.33,75.0,74.0
80.25,85.0,88.5,80.67,80.0,80.0
87.0,77.5,80.0,80.33,70.0,86.5
82.0,90.0,78.5,80.67,74.0,86.5
74.25,82.0,88.0,76.33,73.0,87.5
83.0,78.75,82.5,82.0,81.5,83.5
71.75,73.0,70.5,84.0,75.5,87.0
86.75,76.75,87.5,79.33,76.5,83.0
88.5,80.0,77.5,81.0,75.5,76.5
76.0,78.5,83.0,85.0,66.0,84.0
86.75,82.5,78.5,94.67,80.0,81.5
85.25,83.0,80.0,82.33,84.5,86.0
88.25,86.0,71.5,85.0,74.5,85.5
77.25,84.0,79.0,88.0,75.5,82.0
81.5,81.25,90.0,80.33,83.5,78.5
83.5,85.75,78.5,82.0,85.5,72.5
76.5,90.0,73.5,82.67,89.0,89.5
90.5,85.25,91.0,80.67,93.0,76.0
87.5,69.5,69.5,83.33,88.0,77.0
75.5,90.5,77.5,80.67,69.0,87.5
83.0,88.75,79.0,82.67,73.5,86.5
82.75,86.75,92.5,80.33,73.5,76.0
80.0,90.0,82.5,82.0,87.0,84.0
87.0,78.5,89.5,83.33,84.5,90.5
76.0,80.75,87.5,80.33,69.5,79.0
74.5,85.0,94.5,78.67,72.5,92.0
82.25,91.5,76.0,83.33,75.0,80.5
84.0,82.75,90.0,82.0,84.0,81.5
78.75,73.5,82.0,77.33,79.0,81.5
80.0,78.25,93.0,74.67,84.0,79.5
82.0,82.25,96.5,82.33,79.5,77.0
88.0,73.5,86.0,68.0,81.5,88.5
77.75,79.5,70.0,91.67,71.0,71.5
91.5,80.5,72.0,80.67,83.5,79.0
74.25,78.75,71.5,89.33,81.0,82.5
75.0,85.75,86.0,70.33,77.5,82.5
69.5,79.75,84.0,82.0,80.5,83.5
75.75,84.5,82.0,75.33,85.0,81.5
71.25,87.5,81.5,77.33,69.0,89.5
71.0,89.75,94.5,86.0,90.5,85.5
87.25,80.25,79.0,79.33,91.0,79.0
74.75,67.0,79.0,84.0,91.5,91.0
82.75,83.0,78.0,83.33,80.0,69.0
87.75,74.0,83.0,81.0,82.5,94.0
76.0,73.25,80.0,85.33,86.0,81.0
86.25,92.75,77.5,72.0,80.0,73.0
73.5,85.25,88.0,87.33,94.5,72.0
88.75,72.25,87.0,81.0,85.5,84.5
81.25,73.0,87.0,79.67,87.0,80.5
89.0,81.5,83.5,95.33,77.5,78.5
82.75,88.0,85.5,76.0,85.5,80.5
69.25,71.75,77.5,77.67,80.0,92.5
82.75,78.0,77.5,84.0,83.0,73.0
91.25,88.5,76.5,85.67,74.0,82.0
87.75,73.75,96.0,84.67,76.0,83.0
76.0,76.75,88.0,74.0,74.0,78.0
84.75,82.0,80.0,93.67,82.5,82.5
83.75,85.75,80.0,77.33,93.0,93.0
82.0,74.5,72.0,90.67,78.5,78.5
84.5,83.0,76.0,89.0,84.5,82.0
87.0,75.5,90.5,86.0,97.0,69.0
79.25,79.25,78.5,82.67,72.0,82.5
83.5,67.25,78.0,88.33,73.0,77.5
88.0,89.25,81.0,77.0,77.0,76.0
76.25,87.25,90.0,87.33,73.5,76.0
87.25,74.25,75.0,92.67,82.0,83.0
76.5,79.25,74.0,83.0,84.0,81.5
75.0,77.75,75.0,83.67,84.5,83.5
82.25,74.5,82.5,85.67,86.0,75.5
77.25,81.75,78.0,76.0,84.5,93.0
75.5,78.25,68.0,83.33,95.5,84.0
74.5,79.5,83.5,79.33,88.0,75.5
82.0,96.75,93.5,87.0,77.0,90.5
86.5,75.5,74.0,88.67,78.5,69.5
79.0,89.5,83.0,77.0,92.0,67.5
78.25,81.25,79.5,87.0,80.5,67.0
87.75,79.25,82.5,72.33,79.5,80.5
79.25,77.5,85.0,88.67,85.0,80.0
88.25,88.25,90.5,82.33,87.0,88.0
80.5,86.0,79.5,88.33,94.0,81.0
81.5,86.75,81.5,92.33,77.5,81.0
76.5,79.25,80.0,79.0,81.5,96.0
88.75,80.25,79.0,85.33,88.5,93.5
71.0,79.25,77.5,86.0,91.0,79.0
86.0,81.0,68.5,86.33,73.0,84.0
87.75,76.75,69.0,82.0,68.0,91.0
82.5,87.0,84.0,82.0,81.5,86.0
73.75,80.0,74.5,82.0,84.0,88.0
82.25,70.75,81.0,85.67,86.0,81.0
89.0,77.75,79.0,86.0,78.5,74.5
76.25,80.5,82.5,78.0,93.5,74.0
77.5,85.75,86.0,83.33,93.5,72.5
75.0,81.5,81.0,80.67,82.5,70.0
82.0,93.0,72.5,85.0,81.5,89.0
78.25,86.75,81.0,82.33,82.5,91.5
85.0,83.25,81.0,79.33,83.5,84.0
83.75,77.25,74.0,79.0,69.0,67.0
81.75,80.75,81.0,89.0,84.5,83.0
79.25,92.25,84.0,78.0,89.5,76.0
78.25,88.75,75.5,79.67,79.5,75.5
85.75,72.75,83.0,81.33,74.0,71.5
74.0,90.0,80.0,83.33,75.0,90.5
78.0,76.25,79.5,86.33,79.5,80.0
87.5,91.25,73.0,75.67,74.5,80.5
91.25,87.0,75.5,77.33,82.5,80.5
84.5,81.5,80.5,78.0,67.0,83.5
70.0,73.5,82.5,80.67,74.0,73.0
84.25,80.0,70.0,76.33,87.5,84.5
74.25,80.75,76.5,76.33,82.5,68.5
87.75,82.75,81.0,76.0,88.0,81.0
79.25,73.5,71.5,83.67,75.0,75.0
87.0,78.25,83.0,78.67,75.5,68.5
91.25,77.5,87.0,75.67,73.5,74.0
89.75,94.0,87.5,86.33,75.5,86.5
79.75,87.25,76.0,75.33,82.0,77.5
78.0,82.5,75.0,78.67,83.0,72.0
87.25,81.0,80.5,81.67,82.0,69.5
84.5,71.0,73.0,84.33,91.0,80.5
80.25,84.0,90.0,83.33,69.0,77.5
91.75,77.0,82.0,82.0,73.5,72.5
83.5,75.5,71.5,77.0,72.5,84.5
81.5,86.25,85.0,79.33,76.5,80.0
85.0,86.75,74.5,78.67,81.5,86.0
86.0,90.25,73.5,81.33,73.5,84.5
83.0,71.25,69.5,73.33,84.0,97.5
65.5,85.75,80.0,71.33,75.0,78.5
75.25,82.75,85.0,76.67,76.0,80.5
81.0,79.75,76.5,73.0,86.0,82.5
73.0,91.75,92.5,82.0,70.5,80.5
83.0,70.5,92.0,86.67,71.5,89.0
91.75,80.75,74.0,79.0,79.0,83.0
75.5,82.25,93.5,69.67,79.5,72.5
90.0,86.75,71.0,75.67,85.0,84.5
84.25,77.0,88.5,89.67,81.5,77.5
77.75,81.5,85.0,74.0,92.5,67.0
86.5,74.25,71.0,77.33,67.0,76.0
75.75,89.75,89.5,80.67,74.0,77.0
87.25,83.0,80.5,67.33,85.5,95.5
87.75,71.5,72.0,82.33,71.5,83.0
87.75,73.75,75.0,76.33,78.5,75.0
78.75,81.75,81.5,76.33,79.0,81.5
79.0,78.75,83.0,81.33,73.5,88.5
80.75,91.25,71.5,79.67,84.5,82.5
75.75,79.75,79.5,75.0,74.5,87.0
81.5,96.25,72.0,89.0,75.0,76.0
78.5,85.0,70.0,85.0,85.0,80.0
79.0,76.75,74.5,75.67,88.0,88.0
78.0,80.75,82.5,82.33,90.5,79.5
87.5,83.0,81.5,86.33,82.5,88.5
89.0,81.5,81.0,89.67,86.0,93.0
70.0,78.0,86.0,77.0,68.5,84.0
73.5,80.0,85.0,77.33,84.5,87.0
86.0,82.5,79.5,77.67,95.0,79.0
79.5,72.0,71.5,89.67,81.5,75.0
74.25,80.25,84.5,79.33,78.5,71.5
78.0,85.5,71.0,82.33,90.0,95.0
87.0,89.0,79.5,76.0,85.0,81.5
71.75,85.0,84.5,79.67,71.0,73.5
84.75,76.5,77.0,89.33,90.0,95.0
90.5,75.5,81.5,92.67,80.5,82.5
93.5,85.0,83.5,86.33,88.0,87.0
90.0,80.25,90.0,79.0,85.0,83.5
83.25,77.0,71.0,72.33,67.0,88.0
82.0,87.0,79.0,76.67,82.5,86.5
83.0,77.75,78.0,83.0,76.5,93.5
86.5,72.0,84.5,80.33,91.5,72.0
88.0,74.75,92.5,81.67,77.0,83.0
79.5,83.5,75.0,82.67,79.5,95.0
81.0,76.0,89.0,78.0,88.5,79.0
70.75,72.75,89.0,76.33,85.5,72.0
69.25,79.0,75.5,81.67,71.5,82.5
73.5,74.5,79.5,82.33,81.0,70.0
76.75,76.25,69.5,89.33,77.5,77.5
78.25,94.25,74.0,91.33,83.0,78.5
78.5,87.0,87.5,77.33,84.0,85.5
76.25,85.5,88.5,79.0,83.0,79.0
79.75,81.75,68.0,77.67,87.5,80.5
73.25,79.25,86.0,76.0,82.5,94.0
77.0,86.25,71.5,83.67,77.0,85.5
72.5,78.75,94.5,85.0,85.0,88.0
82.0,76.0,91.5,75.67,82.0,77.5
77.5,80.0,88.5,81.0,90.5,79.0
94.0,78.5,85.5,88.33,73.0,85.5
78.25,74.75,77.5,75.67,84.5,83.0
79.75,84.25,90.0,71.33,85.5,95.5
91.0,87.5,84.0,86.33,81.0,80.5
88.5,82.5,73.0,79.0,85.0,74.0
86.25,81.0,89.0,79.67,83.0,76.0
77.5,85.0,90.5,85.67,84.5,76.0
83.0,84.75,76.5,86.67,92.5,73.5
79.5,79.0,74.0,75.33,88.5,74.5
86.75,80.5,79.5,91.33,72.0,84.5
85.25,91.0,89.0,74.0,88.0,92.0
85.25,77.75,95.0,73.0,71.5,82.5
89.25,77.5,79.5,86.0,81.0,88.5
79.5,72.75,82.0,96.67,87.5,74.5
82.25,86.25,84.0,78.0,83.0,78.5
82.0,83.25,76.0,72.33,87.5,87.5
81.0,84.25,85.5,82.33,85.0,87.0
80.25,85.75,84.0,79.67,86.5,74.0
83.25,84.75,78.0,84.0,84.5,90.5
82.5,79.0,83.0,79.0,86.5,86.0
84.25,80.0,90.0,83.33,82.5,67.0
81.5,77.0,80.0,73.0,84.5,68.5
80.0,76.0,85.0,77.0,88.5,92.5
83.5,70.5,80.0,76.0,75.0,89.0
87.5,70.5,83.0,74.67,72.5,85.5
82.5,86.0,81.0,73.0,85.0,89.5
82.0,82.25,94.5,72.0,83.0,83.0
72.75,92.5,82.5,80.33,77.0,77.5
72.0,75.0,80.5,79.67,84.0,75.5
80.0,71.75,72.5,88.0,96.0,79.5
75.0,83.0,89.5,83.67,83.5,82.5
90.0,87.25,83.5,74.67,75.5,95.0
72.0,84.75,71.5,86.0,67.5,93.5
72.25,77.25,85.0,75.0,85.0,92.5
77.5,92.75,95.5,89.33,92.0,75.5
87.0,74.0,84.5,74.0,83.0,80.0
75.25,89.25,85.5,77.33,80.5,77.5
71.0,88.0,87.0,81.33,81.5,78.5
76.25,80.0,82.5,78.67,72.0,90.0
82.5,86.75,85.0,77.33,85.5,90.5
83.75,88.75,95.5,80.0,79.0,81.5
84.25,88.25,84.0,76.0,65.5,85.5
77.75,71.25,87.5,89.67,85.5,82.5
79.75,85.75,82.0,81.0,76.0,70.5
88.0,91.25,91.5,83.33,89.5,79.5
81.0,87.75,73.5,81.67,84.0,80.0
84.5,81.75,82.0,75.0,79.5,72.0
81.0,74.75,82.5,89.33,88.0,74.0
75.5,78.5,87.0,76.67,86.0,74.0
89.75,72.0,80.0,71.33,85.5,75.0
84.75,81.5,74.5,70.0,78.0,83.5
80.0,78.5,88.0,77.0,89.5,80.0
75.0,80.75,87.5,81.0,76.5,81.5
73.25,86.0,82.5,87.0,78.0,98.0
73.5,79.5,70.5,86.0,72.5,82.0
95.0,72.0,86.0,71.33,72.5,77.0
73.0,86.0,78.5,77.33,83.5,75.0
94.5,84.5,68.0,81.0,91.5,78.0
86.5,86.75,79.0,86.33,83.0,74.5
86.5,86.5,72.5,78.67,76.0,82.5
80.0,81.5,90.0,79.33,69.5,78.0
83.0,75.25,72.5,79.0,85.5,75.5
85.75,81.75,90.5,75.67,78.0,86.5
77.25,83.75,72.5,83.67,78.0,84.0
91.0,74.0,89.0,83.0,80.5,81.5
86.0,72.75,88.0,81.0,82.0,72.5
78.75,74.0,72.5,83.0,82.0,83.5
81.25,82.75,93.5,89.0,71.5,86.0
88.25,73.0,85.5,78.33,84.5,74.0
85.0,78.0,76.5,89.33,91.5,79.5
89.75,74.25,70.0,86.33,87.5,73.5
91.25,80.25,72.0,88.33,84.5,75.5
75.75,79.75,93.5,72.0,77.5,83.0
81.5,89.5,72.0,70.67,97.0,77.5
74.5,83.75,80.0,80.0,78.0,87.5
93.5,84.0,88.5,87.0,79.0,95.0
84.25,75.75,76.5,95.33,76.5,78.5
85.5,71.0,80.0,83.33,85.5,86.0
76.0,88.75,78.0,89.33,84.0,90.0
84.75,86.75,78.5,80.67,82.0,90.5
89.75,84.75,76.5,78.33,75.0,91.0
77.0,75.75,82.0,74.67,81.0,83.0
87.0,69.0,66.0,85.67,71.5,82.5
72.25,76.5,72.5,73.0,89.0,86.0
75.0,80.5,79.5,86.33,76.0,86.0
85.5,78.5,84.5,83.0,81.0,81.0
69.75,90.25,91.0,82.0,74.5,73.0
87.25,80.5,85.0,77.67,95.0,87.0
81.5,91.5,77.5,76.0,84.5,78.5
88.25,81.0,74.0,86.33,89.5,74.0
88.75,79.75,73.5,72.33,86.5,80.0
81.75,68.25,91.5,81.67,72.5,74.0
86.5,77.75,85.0,76.0,79.5,80.0
84.75,79.5,70.5,86.67,73.5,81.5
81.75,89.25,76.0,88.33,95.0,77.0
78.0,89.5,71.5,84.0,82.5,79.5
94.25,80.0,80.5,68.67,87.5,84.5
73.5,73.25,72.0,80.33,89.0,83.5
84.75,79.75,70.5,86.67,72.5,85.5
87.0,77.5,83.5,84.0,89.5,96.0
77.25,85.0,91.5,86.33,89.5,82.0
90.25,78.5,80.0,75.0,77.5,83.5
89.25,85.75,79.0,81.33,85.5,83.5
89.0,82.25,88.5,81.67,79.0,74.0
84.75,85.25,94.0,85.67,85.5,77.0
94.25,70.25,79.5,78.0,88.0,85.0
94.0,87.5,83.5,82.33,79.5,78.5
85.0,88.0,77.0,75.67,81.0,76.0
92.75,85.75,66.5,76.67,83.0,96.5
80.25,84.5,95.5,80.0,77.0,86.5
95.0,84.25,88.0,72.0,87.5,75.0
77.0,74.0,89.0,95.67,96.5,80.0
87.0,80.75,87.0,75.0,79.5,75.0
79.5,88.5,74.0,79.0,84.0,73.5
79.5,81.25,92.0,89.67,69.5,72.5
84.25,74.75,73.5,79.33,89.5,85.5
95.0,83.5,78.5,73.33,82.0,87.0
90.5,87.25,85.5,80.33,83.5,84.0
84.25,77.5,82.5,86.0,88.5,70.5
81.75,73.5,88.5,83.67,79.0,92.0
84.5,85.0,93.5,78.67,81.0,77.5
86.25,80.0,83.0,80.67,80.5,73.0
78.5,69.75,84.5,78.33,80.5,88.5
86.25,88.75,93.0,83.67,77.5,90.0
80.25,74.75,87.5,85.0,85.0,75.5
78.25,78.5,72.5,80.33,75.5,84.0
78.75,75.0,80.5,76.0,77.5,94.5
74.75,88.0,74.0,78.33,88.0,82.5
87.5,87.0,85.0,81.33,76.0,81.0
67.75,88.5,86.5,84.0,87.0,83.0
90.75,85.25,95.5,87.67,89.0,72.5
85.75,89.75,77.0,90.67,80.0,89.0
76.0,71.5,91.0,84.33,77.5,72.5
74.5,85.5,91.5,74.0,76.0,80.5
79.25,89.75,78.5,87.67,75.5,88.5
77.0,85.25,90.5,80.67,75.0,84.0
78.25,87.5,97.0,80.0,83.0,91.5
74.75,72.75,94.5,87.0,79.0,76.5
79.5,81.25,92.5,69.67,81.5,78.0
82.25,78.25,94.0,77.0,81.0,72.5
81.0,77.75,84.0,84.33,90.5,75.5
83.0,87.5,79.5,79.33,84.5,85.5
76.5,71.5,93.5,82.0,77.5,78.5
71.75,73.25,81.5,83.33,81.0,70.0
82.0,73.75,79.0,79.33,89.0,79.5
88.75,88.5,82.5,73.67,78.0,93.0
79.5,91.75,77.5,72.67,79.5,90.0
83.75,77.0,75.0,85.67,91.5,81.5
86.0,74.0,91.0,83.33,80.5,87.5
80.75,76.5,81.5,77.33,92.5,80.5
92.0,72.25,92.5,71.67,76.5,77.5
87.25,74.0,79.0,77.67,80.5,78.5
88.25,85.0,76.5,76.33,73.5,87.5
72.5,79.5,75.0,82.67,77.0,92.0
82.0,89.0,70.0,82.33,78.0,82.0
82.5,75.5,81.5,83.0,89.5,83.0
76.0,79.5,79.5,89.67,84.5,78.5
81.0,67.25,80.0,78.33,85.5,85.0
82.0,71.5,68.0,77.33,95.0,85.5
85.25,79.75,87.0,78.0,75.0,78.5
87.25,85.5,79.0,78.67,85.0,74.5
80.0,78.25,75.5,72.33,70.5,79.0
88.75,89.0,86.0,79.0,90.5,84.0
78.25,79.5,81.0,78.67,75.0,86.5
76.25,80.25,92.5,75.0,86.5,90.0
88.0,84.75,71.0,86.0,74.0,84.0
81.25,86.75,86.5,83.33,77.5,71.0
74.25,85.0,76.0,89.33,85.0,84.5
79.75,88.5,84.5,76.33,93.0,84.5
88.75,87.75,81.0,82.67,76.0,84.0
78.5,74.5,81.0,71.33,69.5,81.0
93.0,76.5,68.0,78.67,89.5,80.0
75.75,78.5,78.0,81.67,85.5,92.0
76.5,79.75,77.5,74.67,91.5,73.0
80.5,84.25,75.5,73.67,80.0,84.0
79.25,85.0,81.0,74.0,87.5,92.5
70.25,86.0,70.0,85.0,85.0,84.0
93.5,83.0,86.0,86.67,75.5,85.5
76.25,72.5,76.5,78.33,79.5,77.0
77.25,86.25,76.0,84.0,86.5,73.0
78.5,87.0,78.5,79.0,86.5,80.5
82.75,76.0,85.5,82.33,93.0,83.5
83.75,88.25,68.0,77.33,77.0,79.0
95.5,77.25,77.0,90.0,84.5,73.0
76.5,85.25,86.0,80.33,76.0,91.5
76.5,93.25,77.5,80.0,85.5,79.0
77.75,74.75,75.5,75.33,66.5,82.5
72.5,73.25,85.0,67.67,68.0,86.0
73.25,82.25,74.0,76.33,72.0,83.5
72.25,79.0,83.5,85.33,87.0,87.5
82.25,75.25,91.5,70.0,72.5,84.0
77.0,85.5,75.0,75.33,87.0,91.5
75.5,90.5,83.0,87.33,82.0,70.5
85.5,95.5,72.0,84.0,81.5,89.5
78.0,83.0,90.5,86.67,98.0,79.0
85.5,77.25,77.0,81.0,86.5,69.5
79.0,89.25,82.0,71.0,77.5,72.0
83.75,74.25,76.5,79.67,66.5,72.5
79.0,88.0,84.0,84.33,88.0,77.5
80.0,72.5,80.5,91.33,71.5,70.5
87.5,81.5,85.5,78.0,80.0,71.5
78.25,74.75,91.0,79.67,84.5,83.0
77.0,83.5,83.0,80.67,89.0,83.0
82.5,70.75,79.0,82.67,90.0,80.5
73.0,76.25,86.0,75.33,79.5,79.0
72.25,78.0,77.5,76.67,68.5,83.0
84.5,73.25,76.5,77.0,80.0,78.0
88.5,77.5,89.0,74.0,78.0,87.5
79.75,80.25,87.0,79.67,93.0,77.5
80.25,75.5,71.0,78.33,80.0,72.5
77.75,88.5,82.5,73.67,76.0,81.0
74.75,86.75,81.0,89.0,89.5,88.5
76.0,74.75,83.0,85.33,79.5,82.0
95.25,81.0,88.0,76.67,70.0,88.0
78.75,81.25,67.5,83.67,86.5,82.5
88.0,76.75,78.5,77.0,76.0,83.5
92.25,84.0,80.0,84.33,80.5,73.5
77.25,74.75,79.5,75.33,79.0,92.0
80.5,83.25,91.0,80.0,72.5,85.5
73.25,74.0,74.0,80.33,73.0,77.5
75.0,85.25,78.0,80.67,91.0,83.0
75.25,72.75,92.5,80.33,83.5,73.0
79.5,70.75,93.0,78.33,90.5,81.0
74.75,83.0,84.0,93.33,72.5,84.0
85.75,77.75,87.0,81.33,95.0,80.5
89.5,70.75,68.5,87.0,85.5,72.0
75.0,86.0,89.5,79.0,93.5,87.5
80.25,76.25,76.5,80.0,74.0,80.5
75.0,74.25,83.0,85.0,69.5,83.0
84.0,71.5,89.0,79.67,88.0,84.0
87.0,85.25,81.0,76.0,88.5,90.0
80.75,87.75,87.5,78.67,70.5,90.0
91.25,77.75,79.0,86.0,90.0,73.5
83.5,84.0,78.0,91.67,76.5,80.5
86.25,94.5,87.5,81.67,83.5,83.0
88.25,80.0,79.5,86.67,73.0,69.5
83.0,77.5,80.0,75.0,77.5,80.5
81.25,83.5,80.5,84.33,78.5,67.0
70.25,87.25,71.0,80.67,84.0,92.0
79.5,78.0,86.0,84.0,67.5,75.0
82.0,83.75,86.0,79.0,85.5,81.5
83.25,76.25,73.5,84.67,92.0,81.0
71.75,89.25,84.5,78.0,74.0,89.0
79.25,75.25,78.5,83.33,65.5,91.5
75.25,80.5,87.5,83.0,73.5,76.0
80.25,91.25,86.0,82.67,92.5,90.5
71.0,94.75,71.5,78.0,82.5,93.5
83.25,91.0,68.5,87.33,95.5,75.5
72.25,87.25,85.5,83.67,84.5,84.5
84.0,72.0,84.5,84.67,69.5,89.0
80.75,76.25,85.0,79.0,78.0,88.0
83.25,85.0,77.5,86.67,66.0,87.0
82.75,73.25,69.5,76.0,72.0,85.0
73.5,77.0,75.5,82.33,93.0,67.5
80.5,89.25,66.0,96.0,76.0,84.5
76.0,81.25,88.5,84.0,78.5,92.5
85.5,79.5,84.5,91.0,84.0,82.0
87.75,79.0,82.5,86.67,73.5,81.5
86.0,79.25,88.5,86.33,74.5,91.0
84.25,71.25,81.5,81.33,73.5,77.5
83.75,72.25,79.0,73.67,91.5,80.0
76.25,77.5,73.5,79.67,70.0,81.5
81.0,80.5,74.5,73.0,71.0,78.5
88.0,80.25,75.0,79.0,84.5,77.5
85.75,85.75,79.0,80.33,81.5,67.0
74.5,90.25,81.5,84.67,90.5,84.5
73.0,83.5,84.5,90.67,82.5,95.5
81.25,81.5,81.5,85.67,76.5,76.0
85.25,81.75,73.5,71.0,82.0,86.0
86.75,77.25,89.0,76.67,82.5,70.0
86.0,79.0,79.0,74.0,72.5,81.0
85.25,88.75,83.5,86.0,74.0,72.5
81.5,86.0,77.5,86.0,85.0,84.0
90.75,75.5,88.5,78.0,78.0,95.5
88.5,86.0,71.5,81.33,89.5,67.0
85.25,77.5,83.0,85.33,78.5,75.0
88.5,82.5,87.0,81.67,93.0,81.5
72.75,72.75,78.5,72.0,90.0,83.5
82.75,76.75,75.0,85.33,86.5,75.5
87.5,76.5,77.0,73.67,84.0,79.5
74.0,74.0,96.5,86.0,87.0,69.0
80.0,88.0,86.5,66.33,83.0,90.0
93.0,75.25,83.5,81.33,67.0,88.0
72.25,78.5,88.0,82.33,71.0,69.0
88.75,83.25,92.0,83.33,92.0,84.0
75.0,75.5,82.0,81.0,69.0,68.5
78.0,81.25,84.0,86.67,72.5,77.5
89.0,73.75,81.0,79.0,86.5,79.0
70.0,78.5,89.0,84.0,74.0,81.0
80.25,71.75,80.5,87.67,79.5,80.5
94.0,73.75,89.0,88.0,75.5,78.0
86.0,87.25,85.5,90.33,82.0,78.5
80.25,75.25,86.5,78.33,71.5,81.5
81.25,88.25,79.0,92.33,80.0,78.5
86.5,86.75,84.0,68.33,66.5,93.0
91.5,87.25,89.0,77.0,65.5,86.5
77.5,74.75,73.0,85.67,83.5,80.5
80.75,78.75,70.5,85.33,75.0,74.5
82.25,76.0,72.5,82.67,83.0,72.0
86.0,93.0,76.0,81.0,88.5,77.0
77.0,79.75,82.0,83.0,71.0,93.0
79.5,87.0,82.0,89.0,80.5,72.0
89.75,73.5,82.0,81.67,81.5,80.5
84.25,92.0,86.5,82.33,67.5,73.0
85.5,89.25,88.5,69.33,72.5,83.0
78.25,79.0,82.0,81.0,80.5,83.0
73.5,84.0,83.5,91.0,71.0,84.5
85.25,79.25,90.0,74.67,88.0,88.0
84.0,86.5,83.5,91.0,73.0,83.0
89.75,79.0,87.0,85.0,78.5,80.0
82.75,84.25,70.5,81.67,86.0,73.5
88.25,82.75,78.0,94.0,96.0,75.5
75.25,90.75,85.5,76.33,93.0,85.0
83.0,78.25,90.0,74.33,85.5,84.5
88.0,85.25,80.5,88.67,81.0,86.0
77.0,86.25,73.5,77.0,93.5,90.0
85.0,83.75,79.5,85.67,83.5,80.5
74.5,87.5,83.0,79.33,73.5,83.0
88.5,81.0,91.0,79.67,69.5,85.0
77.5,66.75,79.5,70.33,80.5,83.5
77.25,77.25,93.0,81.0,75.0,87.0
83.75,85.25,82.0,79.0,82.5,79.0
80.75,76.75,78.0,88.67,74.0,72.5
91.75,73.75,90.0,92.0,86.0,80.0
77.0,91.75,87.0,88.0,71.5,86.0
80.25,78.25,77.5,82.0,92.5,84.5
86.25,67.0,91.0,79.0,85.0,76.5
80.0,76.0,69.0,78.0,82.5,75.5
87.25,88.75,94.5,85.33,79.0,69.0
86.0,79.0,78.0,79.33,74.5,73.0
84.25,92.0,84.5,89.33,96.5,75.5
77.0,81.0,87.0,83.33,76.5,91.5
73.75,70.75,76.5,67.67,80.5,85.5
76.0,91.75,79.0,77.0,78.5,82.0
81.0,75.0,78.0,74.0,77.0,80.5
86.75,88.0,65.5,80.0,90.0,81.5
86.0,97.25,88.5,78.0,76.5,85.5
80.75,88.75,86.5,83.33,74.0,76.5
93.0,77.0,81.5,87.67,80.0,86.5
78.0,89.5,69.0,77.33,85.5,94.5
82.0,78.25,67.0,87.0,77.5,86.5
86.75,71.5,76.0,74.33,79.0,89.5
83.0,89.25,93.0,83.0,86.5,78.5
88.25,77.0,71.5,80.33,78.0,83.5
71.75,82.5,83.0,92.33,67.5,78.0
77.25,83.5,81.0,80.67,80.5,94.5
85.25,82.75,86.5,70.0,85.5,71.0
75.25,83.25,84.5,82.0,77.5,74.0
87.0,88.5,77.5,80.67,81.5,85.5
82.25,83.75,85.0,83.67,74.0,83.5
87.0,82.5,88.5,81.0,73.5,72.5
83.75,82.75,74.5,94.0,85.5,84.0
84.5,78.75,78.5,79.33,94.0,85.0
88.0,93.0,86.5,81.67,83.5,74.0
78.5,81.25,78.5,81.67,86.0,70.5
89.5,81.75,79.0,81.67,67.5,89.0
82.0,82.5,78.0,76.67,85.0,91.5
88.0,91.5,82.5,84.67,92.0,90.5
90.75,79.0,78.5,86.33,86.5,80.5
76.25,77.0,80.0,88.33,74.5,84.0
82.5,84.75,88.0,73.67,89.0,94.0
85.5,84.75,78.5,81.33,83.5,75.0
91.75,75.5,74.0,81.0,95.0,71.0
80.25,76.75,79.0,85.0,91.0,95.0
88.0,79.5,76.0,76.33,85.5,92.5
81.25,88.5,75.5,73.67,74.0,76.5
81.5,75.75,80.5,84.33,86.5,76.0
80.75,86.25,85.5,84.33,73.0,76.5
89.25,80.25,77.0,80.67,82.5,82.0
76.5,77.75,74.5,94.33,90.5,87.5
77.5,80.75,89.0,75.33,79.0,83.5
82.5,74.0,70.0,74.33,85.5,86.5
88.25,82.75,69.0,71.67,72.5,92.0
77.0,73.75,82.5,81.67,82.5,76.0
83.25,85.0,87.0,77.33,81.0,73.0
81.0,86.5,75.5,75.0,82.0,82.5
81.75,81.75,81.5,83.33,81.0,83.0
84.5,92.5,72.5,79.0,81.0,69.0
90.75,81.5,81.0,77.33,74.0,66.0
83.5,86.0,83.0,90.67,78.0,80.5
72.5,85.25,84.5,89.67,90.0,83.5
85.0,83.75,82.0,92.0,81.0,79.0
